Experiment_no,Disyllable,Date,Dataset,Model,Type CNN,Train Loss,Train RMSE,Train R2,Test Loss,Test RMSE,Test R2,Eval RMSE,Eval R2,Training_time,Loss function,Optimizer,EarlyStopPatience,Batch size,Epochs,Learning rate,Train feature shape,Label shape,test_size(%),val_size(%),Load_save,Load_checkpoint,EarlyStop At
1,True,2019-December-19 12:20,ta/d_dataset_2/prep_data,DNN,False,0.016621693,0.12880942,0.049530731,0.016545899,0.12858173,0.056472002,,,5413.850434,mse,amsgrad,20,128,1000,0.001,"(153094, 15, 39)","(153094, 18)",0.05,0.05,,,676.0
2,True,2019-December-19 13:25,ta/d_dataset_2/prep_data,BiLSTM-old,False,0.000912493,0.02743163,0.944188638,0.003474991,0.058398135,0.8097781759999999,0.097241074,0.687559079,3189.837637,mse,amsgrad,20,128,1000,0.001,"(153094, 15, 39)","(153094, 18)",0.05,0.05,,,55.0
3,True,2019-December-19 14:04,ta/d_dataset_2/prep_data,LSTM,False,0.001680262,0.039110459,0.8991741590000001,0.00354856,0.059021357,0.807296315,,,2321.868653,mse,amsgrad,20,128,1000,0.001,"(153094, 15, 39)","(153094, 18)",0.05,0.05,,,92.0
4,True,2019-December-19 14:17,ta/d_dataset_2/prep_data,CNN,True,0.003299015,0.056580871,0.714190725,0.004887084,0.069727995,0.616901872,,,725.8342535,mse,amsgrad,20,128,1000,0.001,"(153094, 15, 39, 1)","(153094, 18)",0.05,0.05,,,35.0
5,False,2019-December-19 14:26,ta/m_dataset_1/prep_data,DNN,False,0.01742353,0.131871656,-0.004960487,0.017311585,0.131463721,-0.005374163,,,366.2298021,mse,amsgrad,20,128,1000,0.001,"(77224, 25, 39)","(77224, 18)",0.05,0.05,,,86.0
6,False,2019-December-19 16:41,ta/m_dataset_1/prep_data,BiLSTM-old,False,0.000615891,0.02172148,0.961220437,0.002801154,0.052218832,0.8394897370000001,,,1359.612879,mse,amsgrad,20,128,1000,0.001,"(77224, 25, 39)","(77224, 18)",0.05,0.05,,,73.0
7,False,2019-December-19 16:59,ta/m_dataset_1/prep_data,LSTM,False,0.001348821,0.033946104,0.916289167,0.003921545,0.062009014,0.7814711679999999,,,1052.326553,mse,amsgrad,20,128,1000,0.001,"(77224, 25, 39)","(77224, 18)",0.05,0.05,,,64.0
8,False,2019-December-19 17:15,ta/m_dataset_1/prep_data,CNN,True,0.001828878,0.041340303,0.8742031109999999,0.00392525,0.062371146,0.760540104,,,965.1159537,mse,amsgrad,20,128,1000,0.001,"(77224, 25, 39, 1)","(77224, 18)",0.05,0.05,,,76.0
9,True,2019-December-19 17:58,ta/d_dataset_2/prep_data,BiLSTM,False,0.000806783,0.024769055,0.950570104,0.002798492,0.052241459,0.8450912509999999,0.08529981199999999,0.725831683,1674.759708,mse,amsgrad,20,128,1000,0.001,"(153094, 15, 39)","(153094, 18)",0.05,0.05,,,
11,True,2019-December-21 09:18,ta/d_dataset_2/prep_data,BiLSTM - 3,False,0.001335287,0.033742346,0.919326074,0.002694466,0.051272113,0.852014838,,,1503.488983,mse,amsgrad,20,128,1000,0.001,"(153094, 15, 39)","(153094, 18)",0.05,0.05,,,
12,True,2019-December-21 09:59,ta/d_dataset_2/prep_data,BiLSTM - 4,False,0.001323534,0.033812676,0.918965366,0.00282255,0.052529797,0.839272529,,,2375.882802,mse,amsgrad,20,128,1000,0.001,"(153094, 15, 39)","(153094, 18)",0.05,0.05,,,
13,True,2019-December-21 10:33,ta/d_dataset_2/prep_data,BiLSTM - 5,False,0.002629747,0.050231259,0.846416233,0.003051112,0.054900263,0.8269014170000001,,,1940.683239,mse,amsgrad,20,128,1000,0.001,"(153094, 15, 39)","(153094, 18)",0.05,0.05,,,
14,True,2019-December-21 11:08,ta/d_dataset_2/prep_data,BiLSTM - 6,False,0.001899757,0.041899893,0.884082905,0.003081068,0.054983541,0.826422855,,,2001.975329,mse,amsgrad,20,128,1000,0.001,"(153094, 15, 39)","(153094, 18)",0.05,0.05,,,
15,True,2019-December-21 11:27,ta/d_dataset_2/prep_data,BiLSTM - 7,False,0.000915107,0.026774522,0.944886131,0.002681273,0.051098578,0.851696463,,,1117.966833,mse,amsgrad,20,128,1000,0.001,"(153094, 15, 39)","(153094, 18)",0.05,0.05,,,
16,True,2019-December-21 12:28,ta/d_dataset_2/prep_data,BiLSTM - 8,False,0.00098377,0.027689395,0.939120119,0.0026985840000000004,0.05134242,0.8498968370000001,,,920.8562195,mse,amsgrad,20,128,1000,0.001,"(153094, 15, 39)","(153094, 18)",0.05,0.05,,,
17,True,2019-December-21 12:49,ta/d_dataset_2/prep_data,BiLSTM - 9,False,0.000918712,0.026694313,0.942354561,0.0025815770000000003,0.05014177,0.852518085,,,1138.302133,mse,amsgrad,20,128,1000,0.001,"(153094, 15, 39)","(153094, 18)",0.05,0.05,,,
18,True,2019-December-21 13:25,ta/d_dataset_2/prep_data,BiLSTM - 10,False,0.00095106,0.027745616,0.939086908,0.00278451,0.051943183,0.845034011,,,2104.791034,mse,amsgrad,20,128,1000,0.001,"(153094, 15, 39)","(153094, 18)",0.05,0.05,,,
10,False,2019-December-21 13:53,ta/m_dataset_1/prep_data,BiLSTM,False,0.000543279,0.020371478,0.966467025,0.002905584,0.053274829,0.8371979890000001,0.112502418,0.624164986,1645.278776,mse,amsgrad,20,128,1000,0.001,"(77224, 25, 39)","(77224, 18)",0.05,0.05,,,
19,True,2019-December-21 16:21,ta/d_dataset_2/prep_data,BiLSTM - early10 - 1,False,0.001207517,0.031136941,0.927348423,0.002554106,0.049963754000000006,0.856556742,0.079545952,0.754708385,777.8091182999997,mse,amsgrad,10,128,1000,0.001,"(153094, 15, 39)","(153094, 18)",0.05,0.05,,,
20,True,2019-December-21 16:37,ta/d_dataset_2/prep_data,BiLSTM - early10 - 3,False,0.001693719,0.038327619,0.8994893190000001,0.002748712,0.051858384,0.847150739,,,899.0085297,mse,amsgrad,10,128,1000,0.001,"(153094, 15, 39)","(153094, 18)",0.05,0.05,,,
21,True,2019-December-21 17:02,ta/d_dataset_2/prep_data,BiLSTM - early10 - 4,False,0.001652595,0.038582135,0.8991315040000001,0.002770176,0.051995255,0.8440627279999999,,,1425.480348,mse,amsgrad,10,128,1000,0.001,"(153094, 15, 39)","(153094, 18)",0.05,0.05,,,
22,True,2019-December-21 17:43,ta/d_dataset_2/prep_data,BiLSTM - early10 - 5,False,0.002385865,0.047595512,0.857237503,0.003076179,0.055070993,0.8240530770000001,,,2362.42092,mse,amsgrad,10,128,1000,0.001,"(153094, 15, 39)","(153094, 18)",0.05,0.05,,,
23,True,2019-December-21 18:12,ta/d_dataset_2/prep_data,BiLSTM - early10 - 6,False,0.002008812,0.043247543,0.877399963,0.003007895,0.054349344,0.82884912,,,1626.203726,mse,amsgrad,10,128,1000,0.001,"(153094, 15, 39)","(153094, 18)",0.05,0.05,,,
24,True,2019-December-21 18:24,ta/d_dataset_2/prep_data,BiLSTM - early10 - 7,False,0.001178972,0.030872954,0.929762224,0.002756404,0.051863551,0.848420431,,,669.7932155,mse,amsgrad,10,128,1000,0.001,"(153094, 15, 39)","(153094, 18)",0.05,0.05,,,
25,True,2019-December-21 18:40,ta/d_dataset_2/prep_data,BiLSTM - early10 - 8,False,0.000970153,0.027614677,0.939443836,0.00255372,0.049897704,0.855015788,,,922.3865001,mse,amsgrad,10,128,1000,0.001,"(153094, 15, 39)","(153094, 18)",0.05,0.05,,,
26,True,2019-December-21 18:53,ta/d_dataset_2/prep_data,BiLSTM - early10 - 9,False,0.001225514,0.031408828,0.926411383,0.002899668,0.053280257,0.841477885,,,696.001008,mse,amsgrad,10,128,1000,0.001,"(153094, 15, 39)","(153094, 18)",0.05,0.05,,,
27,True,2019-December-21 19:05,ta/d_dataset_2/prep_data,BiLSTM - early10 - 10,False,0.001581239,0.036716111,0.903603151,0.002770825,0.052092824,0.843379663,,,614.3645129,mse,amsgrad,10,128,1000,0.001,"(153094, 15, 39)","(153094, 18)",0.05,0.05,,,
29,True,2019-December-23 14:06,ta/d_dataset_2/prep_data,DNN - Bn,False,0.002023299,0.043409653,0.8614852940000001,0.003631246,0.059368163,0.758494115,,,908.2334437,mse,amsgrad,20,128,1000,0.001,"(153094, 15, 39)","(153094, 18)",0.05,0.05,,,
30,False,2019-December-23 14:23,ta/m_dataset_1/prep_data,DNN - Bn,False,0.000359657,0.018001527,0.972121006,0.001885994,0.042986989,0.882967747,,,989.1531327,mse,amsgrad,20,128,1000,0.001,"(77224, 25, 39)","(77224, 18)",0.05,0.05,,,
28,False,2019-December-23 14:30,ta/m_dataset_1/prep_data,DNN - Bn - early10,False,0.00120354,0.03161661,0.923279227,0.002118526,0.04565962,0.863916667,0.143865526,0.176033114,395.4231951,mse,amsgrad,10,128,1000,0.001,"(77224, 25, 39)","(77224, 18)",0.05,0.05,,,
31,True,2019-December-23 15:03,ta/d_dataset_2/prep_data,BiLSTM - early10 - 11,False,0.0061861880000000005,0.078369208,0.645390669,0.006621229,0.08104621599999999,0.6121539970000001,,,1164.797318,mse,amsgrad,10,128,1000,0.001,"(153094, 15, 39)","(153094, 18)",0.05,0.05,,,
32,False,2019-December-23 15:11,ta/m_dataset_1/prep_data,BiLSTM - early10 - 11,False,0.008570007,0.091507852,0.381734811,0.009171542,0.095626161,0.357530738,,,454.8132272,mse,amsgrad,10,128,1000,0.001,"(77224, 25, 39)","(77224, 18)",0.05,0.05,,,
33,True,2019-December-23 15:24,ta/d_dataset_2/prep_data,BiLSTM - rmseOps,False,0.038319363,0.038323861,0.899712361,0.052850321,0.05286558,0.839773526,,,303.2197917,[<function rmse at 0x00000190CC42DD90>],amsgrad,20,128,1000,0.001,"(153094, 15, 39)","(153094, 18)",0.05,0.05,,,
34,False,2019-December-23 15:28,ta/m_dataset_1/prep_data,BiLSTM - rmseOps,False,0.037887929,0.037892755,0.8991368259999999,0.052071442,0.052092556,0.8362016170000001,,,224.7155905,[<function rmse at 0x00000190CC42DD90>],amsgrad,20,128,1000,0.001,"(77224, 25, 39)","(77224, 18)",0.05,0.05,,,
35,True,2019-December-23 17:26,ta/d_dataset_2/prep_data,BiLSTM - early10 - 12,False,0.000638689,0.022111541,0.961036027,0.0027342240000000004,0.051608637,0.8514462340000001,,,1591.3403039999994,mse,amsgrad,10,128,1000,0.001,"(153094, 15, 39)","(153094, 18)",0.05,0.05,,,
37,True,2019-December-24 09:36,ta/d_dataset_2/prep_data,,False,0.0013925,0.034215953,0.916559577,0.00274968,0.051762644,0.8455102859999999,,,722.6081457,mse,rmsprop,20,128,1000,0.001,"(153094, 15, 39)","(153094, 18)",0.05,0.05,,,
38,False,2019-December-24 09:42,ta/m_dataset_1/prep_data,,False,0.003032438,0.037398573,0.792458129,0.005680308,0.055536456,0.635620372,,,356.2572463,mse,rmsprop,20,128,1000,0.001,"(77224, 25, 39)","(77224, 18)",0.05,0.05,,,
39,True,2019-December-24 10:04,ta/d_dataset_2/prep_data,,False,0.0013935279999999998,0.03428236,0.910954973,0.0026025510000000003,0.050498001,0.8446745240000001,,,1003.716956,mse,rmsprop,10,128,1000,0.001,"(153094, 15, 39)","(153094, 18)",0.05,0.05,,,
40,False,2019-December-24 10:08,ta/m_dataset_1/prep_data,,False,0.007783895,0.048207812,0.254266754,0.007945421,0.063658282,0.257468913,,,234.542244,mse,rmsprop,10,128,1000,0.001,"(77224, 25, 39)","(77224, 18)",0.05,0.05,,,
37,False,2019-December-27 09:48,ta/m_dataset_2_sm/prep_data,bilstm,False,0.0014531779999999998,0.036171738,0.912326473,0.004092572,0.06292972,0.778835533,,,285.9447517,mse,rmsprop,20,128,1000,0.001,"(69139, 13, 39)","(69139, 18)",0.05,0.05,,,
38,False,2019-December-27 10:03,ta/m_dataset_2_sm/prep_data,bilstm_12,False,0.000479842,0.020459715,0.970600627,0.003870916,0.061728638,0.791734776,,,900.6785254,mse,rmsprop,20,128,1000,0.001,"(69139, 13, 39)","(69139, 18)",0.05,0.05,,,
39,False,2019-December-27 10:17,ta/m_dataset_2_sm/prep_data,bilstm_13,False,0.000767267,0.026035437,0.952158021,0.004039423,0.06300284,0.7845592779999999,,,762.1442914,mse,rmsprop,20,128,1000,0.001,"(69139, 13, 39)","(69139, 18)",0.05,0.05,,,
40,False,2019-December-27 10:32,ta/m_dataset_2_sm/prep_data,bilstm_14,False,0.00168321,0.039371803,0.899022228,0.00379199,0.060818600999999986,0.793967475,,,373.2108436,mse,rmsprop,20,128,1000,0.001,"(69139, 13, 39)","(69139, 18)",0.05,0.05,,,
41,False,2019-December-27 10:41,ta/m_dataset_2_sm/prep_data,bilstm_15,False,0.0015482789999999998,0.037646953,0.906669435,0.00405987,0.063149042,0.784673023,,,521.8982921,mse,rmsprop,20,128,1000,0.001,"(69139, 13, 39)","(69139, 18)",0.05,0.05,,,
42,False,2019-December-27 11:17,ta/m_dataset_2_sm/prep_data,bilstm_16,False,0.000914007,0.028190253,0.944742372,0.004013912,0.062779814,0.78540183,,,632.3338668,mse,rmsprop,20,128,1000,0.001,"(69139, 13, 39)","(69139, 18)",0.05,0.05,,,
43,False,2019-December-27 11:23,ta/m_dataset_2_sm/prep_data,bilstm_17,False,0.001750292,0.040442448,0.8937421790000001,0.004285187,0.06483902799999999,0.767623963,,,334.4479537,mse,rmsprop,20,128,1000,0.001,"(69139, 13, 39)","(69139, 18)",0.05,0.05,,,
44,False,2019-December-27 11:29,ta/m_dataset_2_sm/prep_data,bilstm_18,False,0.001264859,0.033491671,0.922349682,0.003906454,0.061599385,0.789650944,,,317.4094756,mse,rmsprop,20,128,1000,0.001,"(69139, 13, 39)","(69139, 18)",0.05,0.05,,,
45,False,2019-December-27 11:56,ta/m_dataset_2_sm/prep_data,bilstm_19,False,0.001237309,0.03343825,0.923797419,0.003970856,0.062257376,0.784032381,,,250.6162519,mse,AMSGrad,20,128,1000,0.001,"(69139, 13, 39)","(69139, 18)",0.05,0.05,,,
46,False,2019-December-27 12:00,ta/m_dataset_2_sm/prep_data,bilstm_20,False,0.001371624,0.035238195,0.915963937,0.003903769,0.061901201,0.791745567,,,195.1183693,mse,AMSGrad,20,128,1000,0.001,"(69139, 13, 39)","(69139, 18)",0.05,0.05,,,
47,False,2019-December-27 12:05,ta/m_dataset_2_sm/prep_data,bilstm_21,False,0.001599954,0.038574088,0.901778237,0.003897673,0.06193048900000001,0.791563681,0.16749255400000002,0.053029267000000005,179.1582034,mse,AMSGrad,20,128,1000,0.001,"(69139, 13, 39)","(69139, 18)",0.05,0.05,,,
48,False,2020-January-03 12:06,ta/m_dataset_2_sm/prep_data,fc_bilstm_fc,False,8.97e-05,0.009215575,0.993090779,0.003313782,0.056490023,0.820529897,,,994.2059581,mse,AMSGrad,20,128,1000,0.001,"(69139, 13, 39)","(69139, 18)",0.05,0.05,,,
49,False,2020-January-03 12:27,ta/m_dataset_2_sm/prep_data,fc_bilstm_fc_drop,False,0.001143122,0.031855129,0.931997807,0.002755875,0.051735248,0.847199868,0.135518372,0.425361863,1191.088312,mse,AMSGrad,20,128,1000,0.001,"(69139, 13, 39)","(69139, 18)",0.05,0.05,,,
50,False,2020-January-03 12:36,ta/m_dataset_2_sm/prep_data,fc_bilstm_fc_2,False,0.000217854,0.014199091,0.983436596,0.003986924,0.062398441,0.785518642,,,550.9872782000001,mse,AMSGrad,20,128,1000,0.001,"(69139, 13, 39)","(69139, 18)",0.05,0.05,,,
51,False,2020-January-03 12:56,ta/m_dataset_2_sm/prep_data,fc_bilstm_fc_2_drop,False,0.001145127,0.032302465,0.930960328,0.0029058940000000004,0.053376086,0.842836135,,,1122.361616,mse,AMSGrad,20,128,1000,0.001,"(69139, 13, 39)","(69139, 18)",0.05,0.05,,,
52,False,2020-January-03 13:16,ta/m_dataset_2_sm/prep_data,fc_bilstm_cnn_c,False,0.000922875,0.028988631,0.944447282,0.002755936,0.051747631,0.848507015,0.124632806,0.574470392,1208.278773,mse,AMSGrad,20,128,1000,0.001,"(69139, 13, 39)","(69139, 18)",0.05,0.05,,,
53,False,2020-January-03 16:13,ta/m_dataset_3_u/prep_data,fc_bilstm_fc_drop_m3,False,0.001240242,0.033307042,0.918301919,0.00275996,0.051520769,0.8411879040000001,0.085881434,0.7807300209999999,701.9059186000003,mse,AMSGrad,20,128,1000,0.001,"(44052, 13, 39)","(44052, 18)",0.05,0.05,,,
54,False,2020-January-03 16:21,ta/m_dataset_3_u/prep_data,fc_bilstm_fc_2_drop_m3,False,0.00171447,0.039396908,0.889591846,0.002782502,0.051837206,0.839566044,0.07780382799999999,0.8424762179999999,468.50296,mse,AMSGrad,20,128,1000,0.001,"(44052, 13, 39)","(44052, 18)",0.05,0.05,,,
55,False,2020-January-03 16:34,ta/m_dataset_3_u/prep_data,fc_bilstm_cnn_fc_drop_m3,False,0.001103958,0.031843416,0.926514933,0.0028163840000000003,0.052247763,0.837190236,0.09587983,0.759110175,754.2653835,mse,AMSGrad,20,128,1000,0.001,"(44052, 13, 39)","(44052, 18)",0.05,0.05,,,
56,False,2020-January-03 16:57,ta/m_dataset_3_u/prep_data,fc_bilstm_fc_drop_m3_rmse,False,0.044596466,0.044599298,0.864356908,0.054317417,0.054279573,0.8263716940000001,,,256.4035013,[<function rmse at 0x0000027B96E861E0>],AMSGrad,20,128,1000,0.001,"(44052, 13, 39)","(44052, 18)",0.05,0.05,,,
57,False,2020-January-03 17:01,ta/m_dataset_3_u/prep_data,fc_bilstm_fc_2_drop_m3_rmse,False,0.049331317,0.049335871,0.837331789,0.053841312,0.053819243,0.8252134440000001,,,180.7224469,[<function rmse at 0x0000027B96E861E0>],AMSGrad,20,128,1000,0.001,"(44052, 13, 39)","(44052, 18)",0.05,0.05,,,
58,False,2020-January-03 17:04,ta/m_dataset_3_u/prep_data,fc_bilstm_cnn_fc_drop_m3_rmse,False,0.048064356,0.04806871,0.84600887,0.054334183,0.054334588,0.8223099429999999,,,198.607106,[<function rmse at 0x0000027B96E861E0>],AMSGrad,20,128,1000,0.001,"(44052, 13, 39)","(44052, 18)",0.05,0.05,,,
59,False,2020-January-03 17:09,ta/m_dataset_3_u/prep_data,nn_fbc_3_rmse,False,0.045689272,0.045695897,0.860542312,0.056681745,0.056640003,0.816054545,,,269.99608900000004,[<function rmse at 0x0000027B96E861E0>],AMSGrad,20,128,1000,0.001,"(44052, 13, 39)","(44052, 18)",0.05,0.05,,,
60,False,2020-January-03 17:13,ta/m_dataset_3_u/prep_data,nn_fbc_4_rmse,False,0.052041577,0.052046705,0.822477737,0.058263867,0.058249012,0.8005344590000001,,,212.8372226,[<function rmse at 0x0000027B96E861E0>],AMSGrad,20,128,1000,0.001,"(44052, 13, 39)","(44052, 18)",0.05,0.05,,,
61,False,2020-January-03 17:19,ta/m_dataset_3_u/prep_data,nn_fbc_5_rmse,False,0.051863383,0.05186995900000002,0.8239399209999999,0.056687921,0.05666557,0.8111899229999999,,,283.9875789,[<function rmse at 0x0000027B96E861E0>],AMSGrad,20,128,1000,0.001,"(44052, 13, 39)","(44052, 18)",0.05,0.05,,,
62,False,2020-January-03 17:22,ta/m_dataset_3_u/prep_data,nn_fbc_6_rmse,False,0.047804565,0.047809765,0.84658952,0.053960462,0.053925395,0.825017565,,,203.87887,[<function rmse at 0x0000027B96E861E0>],AMSGrad,20,128,1000,0.001,"(44052, 13, 39)","(44052, 18)",0.05,0.05,,,
63,False,2020-January-03 17:28,ta/m_dataset_3_u/prep_data,nn_fbc_7_rmse,False,0.051740632,0.051745966,0.826440285,0.056988256,0.056973677,0.808103789,,,290.0518124,[<function rmse at 0x0000027B96E861E0>],AMSGrad,20,128,1000,0.001,"(44052, 13, 39)","(44052, 18)",0.05,0.05,,,
64,False,2020-January-03 17:41,ta/m_dataset_3_u/prep_data,nn_fbc_3,False,0.001290818,0.034190249,0.91506626,0.002637929,0.050473351,0.8478949379999999,,,797.628752,mse,AMSGrad,20,128,1000,0.001,"(44052, 13, 39)","(44052, 18)",0.05,0.05,,,
65,False,2020-January-03 17:53,ta/m_dataset_3_u/prep_data,nn_fbc_4,False,0.0016981429999999998,0.039235655,0.8913953029999999,0.002788201,0.051961187,0.838344843,,,672.6026452000001,mse,AMSGrad,20,128,1000,0.001,"(44052, 13, 39)","(44052, 18)",0.05,0.05,,,
66,False,2020-January-03 18:11,ta/m_dataset_3_u/prep_data,nn_fbc_5,False,0.0016495529999999998,0.038403187000000005,0.8969257829999999,0.0029678940000000004,0.053493533,0.831950272,,,1076.622691,mse,AMSGrad,20,128,1000,0.001,"(44052, 13, 39)","(44052, 18)",0.05,0.05,,,
67,False,2020-January-03 18:26,ta/m_dataset_3_u/prep_data,nn_fbc_6,False,0.001065344,0.031111557,0.92950185,0.002723925,0.051360365,0.8408421159999999,0.104265191,0.656972075,843.5919982999999,mse,AMSGrad,20,128,1000,0.001,"(44052, 13, 39)","(44052, 18)",0.05,0.05,,,
70,False,2020-January-03 20:41,ta/m_dataset_3_u/prep_data,nn_fbc_9,False,0.002194015,0.045004204000000006,0.861314453,0.002880481,0.052813072,0.829935416,,,578.5355806,mse,AMSGrad,20,128,1000,0.001,"(44052, 13, 39)","(44052, 18)",0.05,0.05,,,
72,False,2020-January-03 21:16,ta/m_dataset_3_u/prep_data,nn_fbc_11,False,0.00149949,0.036758758,0.901823344,0.0024708670000000003,0.048925482,0.851714222,0.104975156,0.664103007,1565.839366,mse,AMSGrad,20,128,1000,0.001,"(44052, 13, 39)","(44052, 18)",0.05,0.05,,,
73,False,2020-January-03 21:38,ta/m_dataset_3_u/prep_data,nn_fbc_12,False,0.00184791,0.040674731,0.8829641220000001,0.002797216,0.052058894,0.836238032,,,1284.283444,mse,AMSGrad,20,128,1000,0.001,"(44052, 13, 39)","(44052, 18)",0.05,0.05,,,
74,False,2020-January-03 21:56,ta/m_dataset_3_u/prep_data,nn_fbc_9,False,0.062739281,0.0627435,0.7533809020000001,0.062214202,0.062179912,0.770005101,,,71.16651535,[<function rmse at 0x0000016CD34AB2F0>],AMSGrad,5,128,1000,0.001,"(44052, 13, 39)","(44052, 18)",0.05,0.05,,,
75,False,2020-January-03 21:58,ta/m_dataset_3_u/prep_data,nn_fbc_10,False,0.064642539,0.064646639,0.7374206999999999,0.062837115,0.062850401,0.7642520490000001,,,70.99965048,[<function rmse at 0x0000016CD34AB2F0>],AMSGrad,5,128,1000,0.001,"(44052, 13, 39)","(44052, 18)",0.05,0.05,,,
76,False,2020-January-03 22:00,ta/m_dataset_3_u/prep_data,nn_fbc_11,False,0.067941697,0.067946225,0.6979936309999999,0.064456181,0.064450383,0.7316078309999999,,,70.00910234,[<function rmse at 0x0000016CD34AB2F0>],AMSGrad,5,128,1000,0.001,"(44052, 13, 39)","(44052, 18)",0.05,0.05,,,
77,False,2020-January-03 22:01,ta/m_dataset_3_u/prep_data,nn_fbc_12,False,0.06216305,0.062167615,0.7552878059999999,0.062772392,0.062742904,0.766262233,,,70.49665833,[<function rmse at 0x0000016CD34AB2F0>],AMSGrad,5,128,1000,0.001,"(44052, 13, 39)","(44052, 18)",0.05,0.05,,,
78,False,2020-January-03 22:06,ta/m_dataset_3_u/prep_data,nn_fbc_9,False,0.051779915,0.051784623,0.825055192,0.05564191,0.055610392,0.81581095,,,255.91233280000003,[<function rmse at 0x0000016CD34AB2F0>],AMSGrad,20,128,1000,0.001,"(44052, 13, 39)","(44052, 18)",0.05,0.05,,,
79,False,2020-January-03 22:11,ta/m_dataset_3_u/prep_data,nn_fbc_10,False,0.054963895,0.054968711,0.8060020590000001,0.057887212,0.05788077,0.8021285570000001,,,259.2828071,[<function rmse at 0x0000016CD34AB2F0>],AMSGrad,20,128,1000,0.001,"(44052, 13, 39)","(44052, 18)",0.05,0.05,,,
80,False,2020-January-03 22:15,ta/m_dataset_3_u/prep_data,nn_fbc_11,False,0.052949935,0.05295456900000002,0.815108157,0.056375637,0.056355949,0.8092054790000001,,,253.94725040000003,[<function rmse at 0x0000016CD34AB2F0>],AMSGrad,20,128,1000,0.001,"(44052, 13, 39)","(44052, 18)",0.05,0.05,,,
81,False,2020-January-03 22:20,ta/m_dataset_3_u/prep_data,nn_fbc_12,False,0.05289535,0.05289917400000002,0.8176656309999999,0.058933373,0.05891309700000001,0.7950537129999999,,,257.77581569999995,[<function rmse at 0x0000016CD34AB2F0>],AMSGrad,20,128,1000,0.001,"(44052, 13, 39)","(44052, 18)",0.05,0.05,,,
82,False,2020-January-03 22:30,ta/m_dataset_3_u/prep_data,nn_fbc_9,False,0.056353186,0.056358881,0.7974921070000001,0.060207893,0.06016431,0.79090572,,,132.55209109999998,[<function rmse at 0x00000255276CC268>],AMSGrad,10,128,1000,0.001,"(44052, 13, 39)","(44052, 18)",0.05,0.05,,,
83,False,2020-January-03 22:33,ta/m_dataset_3_u/prep_data,nn_fbc_10,False,0.058743795,0.058750115,0.780743906,0.059705469,0.059680305,0.788690225,,,134.0771205,[<function rmse at 0x00000255276CC268>],AMSGrad,10,128,1000,0.001,"(44052, 13, 39)","(44052, 18)",0.05,0.05,,,
84,False,2020-January-03 22:35,ta/m_dataset_3_u/prep_data,nn_fbc_11,False,0.057758042,0.057763409,0.7867718779999999,0.058620532,0.058591198,0.796239701,,,131.0207455,[<function rmse at 0x00000255276CC268>],AMSGrad,10,128,1000,0.001,"(44052, 13, 39)","(44052, 18)",0.05,0.05,,,
85,False,2020-January-03 22:38,ta/m_dataset_3_u/prep_data,nn_fbc_12,False,0.057920317,0.057925493,0.786487168,0.058007525,0.057997469,0.797828195,,,132.44091029999998,[<function rmse at 0x00000255276CC268>],AMSGrad,10,128,1000,0.001,"(44052, 13, 39)","(44052, 18)",0.05,0.05,,,
86,False,2020-January-03 22:47,ta/m_dataset_3_u/prep_data,nn_fbc_9,False,0.002623194,0.049531341,0.836924824,0.003178517,0.055697925,0.815981568,,,312.9684200000001,mse,AMSGrad,5,128,1000,0.001,"(44052, 13, 39)","(44052, 18)",0.05,0.05,,,
87,False,2020-January-03 22:53,ta/m_dataset_3_u/prep_data,nn_fbc_10,False,0.002854554,0.051846754,0.820730713,0.00348397,0.058298394,0.796770641,,,316.7817793,mse,AMSGrad,5,128,1000,0.001,"(44052, 13, 39)","(44052, 18)",0.05,0.05,,,
88,False,2020-January-03 23:01,ta/m_dataset_3_u/prep_data,nn_fbc_11,False,0.002492935,0.048395969,0.840619896,0.002996871,0.05402264,0.821960033,,,452.4389274,mse,AMSGrad,5,128,1000,0.001,"(44052, 13, 39)","(44052, 18)",0.05,0.05,,,
89,False,2020-January-03 23:11,ta/m_dataset_3_u/prep_data,nn_fbc_12,False,0.002206868,0.04503743,0.859448515,0.003071842,0.054675885,0.8218786440000001,,,545.2041788,mse,AMSGrad,5,128,1000,0.001,"(44052, 13, 39)","(44052, 18)",0.05,0.05,,,
90,False,2020-January-03 23:13,ta/m_dataset_3_u/prep_data,nn_bilstm_22,False,0.002363864,0.046612188,0.8496029409999999,0.004054954,0.063058272,0.7661103990000001,,,116.9697113,mse,AMSGrad,5,128,1000,0.001,"(44052, 13, 39)","(44052, 18)",0.05,0.05,,,
91,False,2020-January-03 23:18,ta/m_dataset_3_u/prep_data,nn_bilstm_23,False,0.002924172,0.052347973,0.822644383,0.003479471,0.058268536,0.802337637,,,248.9447489,mse,AMSGrad,5,128,1000,0.001,"(44052, 13, 39)","(44052, 18)",0.05,0.05,,,
92,False,2020-January-03 23:37,ta/m_dataset_3_u/prep_data,nn_bilstm_23,False,0.004368075999999999,0.065066688,0.743141915,0.004004964000000001,0.06289546900000001,0.7694134840000001,,,344.8096893,mse,AMSGrad,5,128,1000,0.001,"(44052, 13, 39)","(44052, 18)",0.05,0.05,,,
93,False,2020-January-03 23:45,ta/m_dataset_3_u/prep_data,nn_bilstm_24,False,0.002866203,0.051825173,0.824402835,0.0033660440000000003,0.057321966,0.8050412920000001,,,284.5427382,mse,AMSGrad,5,128,1000,0.001,"(44052, 13, 39)","(44052, 18)",0.05,0.05,,,
94,False,2020-January-03 23:50,ta/m_dataset_3_u/prep_data,nn_bilstm_25,False,0.00373353,0.059919853,0.774786127,0.003832626,0.06129290900000001,0.77898246,,,238.2341905,mse,AMSGrad,5,128,1000,0.001,"(44052, 13, 39)","(44052, 18)",0.05,0.05,,,
95,False,2020-January-04 00:03,ta/m_dataset_3_u/prep_data,nn_fbc_13,False,0.003459142,0.057445396,0.791494052,0.003619262,0.05963590000000001,0.790292265,,,303.8344281,mse,AMSGrad,5,128,1000,0.001,"(44052, 13, 39)","(44052, 18)",0.05,0.05,,,
96,False,2020-January-04 00:13,ta/m_dataset_3_u/prep_data,nn_fbc_13,False,0.003094695,0.053993881,0.8109990990000001,0.003486103,0.058371812,0.797849658,,,451.33236460000006,mse,AMSGrad,15,128,1000,0.001,"(44052, 13, 39)","(44052, 18)",0.05,0.05,,,
96,False,2020-January-04 11:53,ta/m_dataset_3_u/prep_data,nn_fbc_13,False,0.003048312,0.053589493,0.815739288,0.003424515,0.057850778,0.802777489,,,966.8736699,mse,AMSGrad,15,128,1000,0.001,"(44052, 13, 39)","(44052, 18)",0.05,0.05,,,
97,False,2020-January-04 12:13,ta/m_dataset_3_u_L/prep_data,nn_bilstm,False,0.001103227,0.031142883,0.923287203,0.004274388,0.064287804,0.762843342,,,774.7287786,mse,AMSGrad,20,64,1000,0.001,"(56058, 13, 39)","(56058, 18)",0.05,0.05,,,
98,False,2020-January-04 12:28,ta/m_dataset_3_u_L/prep_data,nn_lstm,False,0.002025885,0.043165449,0.8674658690000001,0.004408721,0.06548050799999999,0.7530060059999999,,,856.0534921,mse,AMSGrad,20,64,1000,0.001,"(56058, 13, 39)","(56058, 18)",0.05,0.05,,,
99,False,2020-January-04 12:37,ta/m_dataset_3_u_L/prep_data,nn_bilstm_12,False,0.001356664,0.034146819,0.909586932,0.004126601,0.063158378,0.770760683,,,526.9235394,mse,AMSGrad,20,64,1000,0.001,"(56058, 13, 39)","(56058, 18)",0.05,0.05,,,
100,False,2020-January-04 12:49,ta/m_dataset_3_u_L/prep_data,nn_bilstm_15,False,0.002133753,0.04406043900000002,0.8633233570000001,0.004315548,0.064796455,0.7612874140000001,,,699.4273202,mse,AMSGrad,20,64,1000,0.001,"(56058, 13, 39)","(56058, 18)",0.05,0.05,,,
101,False,2020-January-04 13:02,ta/m_dataset_3_u_L/prep_data,nn_fc_bilstm_fc_drop,False,0.00188485,0.041071367,0.882591421,0.002890618,0.052709796,0.831925675,,,710.5787832999997,mse,AMSGrad,20,64,1000,0.001,"(56058, 13, 39)","(56058, 18)",0.05,0.05,,,
102,False,2020-January-04 13:21,ta/m_dataset_3_u_L/prep_data,nn_fc_bilstm_fc_2_drop,False,0.0016102229999999998,0.037951667,0.895646567,0.002874538,0.052545685,0.83294179,,,1103.928344,mse,AMSGrad,20,64,1000,0.001,"(56058, 13, 39)","(56058, 18)",0.05,0.05,,,
103,False,2020-January-04 13:39,ta/m_dataset_3_u_L/prep_data,nn_fc_bilstm_cn_fc_drop,False,0.0013142070000000002,0.034401193,0.915617846,0.002891073,0.052735731,0.8325165809999999,,,1051.301751,mse,AMSGrad,20,64,1000,0.001,"(56058, 13, 39)","(56058, 18)",0.05,0.05,,,
104,False,2020-January-04 14:06,ta/m_dataset_3_u_L/prep_data,nn_fbc_5,False,0.001981956,0.042178404,0.8772526190000001,0.00268248,0.050754242000000005,0.841490776,0.113144659,0.633998651,1633.053442,mse,AMSGrad,20,64,1000,0.001,"(56058, 13, 39)","(56058, 18)",0.05,0.05,,,
105,False,2020-January-04 14:31,ta/m_dataset_3_u_L/prep_data,nn_fbc_6,False,0.001479376,0.036469288,0.906022056,0.003177791,0.055257473,0.8179790579999999,,,1421.613075,mse,AMSGrad,20,64,1000,0.001,"(56058, 13, 39)","(56058, 18)",0.05,0.05,,,
106,False,2020-January-04 15:28,ta/m_dataset_3_u_L/prep_data,nn_fbc_11,False,0.002514206,0.048114832,0.845359546,0.0029500570000000003,0.053565752,0.824360454,,,1411.5722050000006,mse,AMSGrad,20,64,1000,0.001,"(56058, 13, 39)","(56058, 18)",0.05,0.05,,,
107,False,2020-January-04 15:56,ta/m_dataset_3_u_L/prep_data,nn_fbc_12,False,0.0026590140000000003,0.049630404,0.836091226,0.003493648,0.058214992,0.7986918159999999,,,1048.4567470000004,mse,AMSGrad,20,64,1000,0.001,"(56058, 13, 39)","(56058, 18)",0.05,0.05,,,
108,False,2020-January-04 16:16,ta/m_dataset_3_u_L/prep_data,nn_bilstm_22,False,0.000624209,0.022445219,0.959372428,0.004415104,0.06534113700000001,0.756315393,,,1192.101347,mse,AMSGrad,20,64,1000,0.001,"(56058, 13, 39)","(56058, 18)",0.05,0.05,,,
109,False,2020-January-04 16:55,ta/m_dataset_3_u_L/prep_data,nn_bilstm_23,False,0.004610109,0.06652506400000001,0.73184351,0.00479778,0.06864313,0.7284833959999999,,,2238.065454,mse,AMSGrad,20,64,1000,0.001,"(56058, 13, 39)","(56058, 18)",0.05,0.05,,,
110,False,2020-January-04 17:03,ta/m_dataset_3_u_L/prep_data,nn_fc,False,0.017958771999999998,0.133881763,-1.01e-06,0.018091251000000003,0.134392053,-4.95e-05,,,489.4172792,mse,AMSGrad,20,64,1000,0.001,"(56058, 13, 39)","(56058, 18)",0.05,0.05,,,
112,False,2020-January-05 10:59,ta/m_dataset_3_u_L/prep_data,nn_fbc_5_cusLoss,False,0.00329084971797812,0.05422624945640564,0.8091163255990009,0.00326184343945898,0.05487943440675736,0.8133855252868804,0.07983523607254027,0.8337415531312016,797.0159323215485,[<function custom_loss at 0x0000013AF2A06378>],AMSGrad,5,64,1000,0.001,"(56058, 13, 39)","(56058, 18)",0.05,0.05,,,36.0
113,False,2020-January-05 12:31,ta/m_dataset_3_u_L/prep_data,nn_fbc_5_cusLoss,False,0.0015842538474374127,0.03735951706767082,0.8989454019308071,0.003010785742548377,0.052328914403915405,0.8317851909037367,0.09315941482782364,0.60525112935463,2846.2957575321198,[<function custom_loss at 0x00000258AAA6A400>],AMSGrad,20,64,1000,0.001,"(56058, 13, 39)","(56058, 18)",0.05,0.05,,,128.0
114,False,2020-January-05 13:38,ta/m_dataset_3_u_L/prep_data,nn_fbc_5_cusLoss,False,0.0019269604791278614,0.032650746405124664,0.8778280270374554,0.0029638654240127745,0.03902262076735497,0.8325341523943055,0.07862211018800735,0.6834478828009759,1378.3140547275545,[<function custom_loss at 0x000002325662B400>],AMSGrad,10,64,1000,0.001,"(56058, 13, 39)","(56058, 18)",0.05,0.05,,,62.0
114,False,2020-January-05 14:25,ta/m_dataset_3_u_L/prep_data,nn_fbc_5_cusLoss,False,0.0021820654020026004,0.03529956564307213,0.8653029278858937,0.003187420956182386,0.04077490046620369,0.8217283387464723,0.07862211018800735,0.6834478828009759,1750.145122051239,[<function custom_loss at 0x0000014F2100A488>],AMSGrad,10,64,1000,0.001,"(56058, 13, 39)","(56058, 18)",0.05,0.05,,,79.0
115,False,2020-January-05 14:44,ta/m_dataset_3_u_L/prep_data,nn_fbc_5_cusLoss,False,0.002407692547581808,0.037704192101955414,0.8530254254060151,0.003158085262851612,0.04181959480047226,0.8211319736439927,,,1090.771620512009,[<function custom_loss2 at 0x0000014F2100A510>],AMSGrad,10,64,1000,0.001,"(56058, 13, 39)","(56058, 18)",0.05,0.05,,,49.0
116,False,2020-January-05 16:19,ta/m_dataset_3_u_L/prep_data,nn_fbc_5_cusLoss,False,0.002800843160329466,0.04060658439993858,0.8343261845107482,0.0033489846040182466,0.043703578412532806,0.8130689195896188,,,973.2978217601776,[<function custom_loss2 at 0x000001C46D14A598>],AMSGrad,10,64,1000,0.001,"(56058, 13, 39)","(56058, 18)",0.05,0.05,,,44.0
117,False,2020-January-05 16:44,ta/m_dataset_3_u_L/prep_data,nn_fbc_5_cusLoss,False,0.002333685268238179,0.028632778674364086,0.90195385790398,0.004635712950725764,0.03722497448325157,0.8353240377027206,,,1455.9494366645813,[<function custom_loss3 at 0x000001C46D14A620>],AMSGrad,10,64,1000,0.001,"(56058, 13, 39)","(56058, 18)",0.05,0.05,,,66.0
118,False,2020-January-05 17:06,ta/m_dataset_3_u_L/prep_data,nn_fbc_5_cusLoss,False,0.0022290492493261464,0.035032521933317184,0.8649706312720015,0.003244226143467391,0.0407375730574131,0.8209623676484221,,,1281.0898253917696,[<function custom_loss4 at 0x000001C46D14A6A8>],AMSGrad,10,64,1000,0.001,"(56058, 13, 39)","(56058, 18)",0.05,0.05,,,58.0
119,False,2020-January-05 20:21,ta/m_dataset_3_u_L/prep_data,nn_fbc_5_cusLoss,False,0.004013202259605917,0.03474070876836777,0.8654667708663816,0.006022488167591855,0.04045318812131882,0.8201532662133881,,,1360.827490091324,[<function custom_loss5 at 0x0000024DCB41B6A8>],AMSGrad,10,64,1000,0.001,"(56058, 13, 39)","(56058, 18)",0.05,0.05,,,55.0
120,False,2020-January-05 20:42,ta/m_dataset_3_u_L/prep_data,nn_fbc_5_cusLoss,False,0.03418754046830233,0.031999312341213226,0.8541221642045893,0.04028074242533601,0.0374542623758316,0.8202664884777651,0.08296450972557068,0.6934975492359494,1160.0580937862394,[<function custom_loss6 at 0x00000226838197B8>],AMSGrad,10,64,1000,0.001,"(56058, 13, 39)","(56058, 18)",0.05,0.05,,,47.0
121,False,2020-January-05 21:00,ta/m_dataset_3_u_L/prep_data,nn_fbc_5_cusLoss,False,0.037281627959405546,0.03700009733438492,0.8218799161889226,0.03983635563282489,0.03956368193030357,0.8128017799825904,0.09300580620765686,0.5674682835951336,1013.306943655014,[<function custom_loss7 at 0x0000022683819840>],AMSGrad,10,64,1000,0.001,"(56058, 13, 39)","(56058, 18)",0.05,0.05,,,41.0
122,False,2020-January-05 21:24,ta/m_dataset_3_u_L/prep_data,nn_fbc_5_cusLoss,False,0.03542187546386742,0.033155906945466995,0.8504494119301069,0.042324295109586615,0.03923429176211357,0.8120792286237842,,,1111.4020960330963,[<function custom_loss6 at 0x0000025FD1A0B730>],AMSGrad,15,64,1000,0.001,"(56058, 13, 39)","(56058, 18)",0.05,0.05,,,45.0
123,False,2020-January-05 22:08,ta/m_dataset_3_u_L/prep_data,nn_fbc_5_cusLoss,False,0.002473190218849709,0.038055971264839165,0.8492495961371168,0.0031694721040428572,0.04214795306324959,0.8198734035629962,,,1007.9371297359468,mse,AMSGrad,20,64,1000,0.001,"(56058, 13, 39)","(56058, 18)",0.05,0.05,,,41.0
124,False,2020-January-05 23:23,ta/m_dataset_3_u_L/prep_data_exp7,nn_fbc_5_cusLoss,False,0.3460355134828861,0.2815414071083069,0.8553172664291934,0.3089908197038645,0.25900760293006897,0.8665586796197808,0.3388579487800598,0.8568896083091022,256.6441044807434,[<function custom_loss6 at 0x00000184BF6B8950>],AMSGrad,10,64,1000,0.001,"(56058, 13, 39)","(56058, 16)",0.05,0.05,,,10.0
124,False,2020-January-06 00:08,ta/m_dataset_3_u_L/prep_data_exp7,nn_fbc_5_cusLoss,False,0.3643241279496252,0.2926146388053894,0.8440948736723938,0.3208018766802204,0.2676231265068054,0.8611718025716248,0.3388579487800598,0.8568896083091022,254.8451764583588,[<function custom_loss6 at 0x00000247675C49D8>],AMSGrad,10,64,1000,0.001,"(56058, 13, 39)","(56058, 16)",0.05,0.05,,,10.0
125,False,2020-January-06 08:25,ta/m_dataset_3_u_L/prep_data_exp7,nn_fbc_5_cusLoss,False,0.3613688794254657,0.2910495698451996,0.8472375732445306,0.322117436119706,0.2685866057872772,0.8611343325294463,,,230.75159406661987,[<function custom_loss6 at 0x000001BA4F8E79D8>],AMSGrad,10,64,1000,0.001,"(56058, 13, 39)","(56058, 16)",0.05,0.05,,,10.0
126,False,2020-January-06 08:30,ta/m_dataset_3_u_L/prep_data_exp7,nn_fbc_5_cusLoss,False,0.21626261802761496,0.3018067181110382,0.8528177262887608,0.19613919273355834,0.28097090125083923,0.8610698703728918,,,226.40318059921262,[<function custom_loss5 at 0x000001BA4F8E7950>],AMSGrad,10,64,1000,0.001,"(56058, 13, 39)","(56058, 16)",0.05,0.05,,,10.0
127,False,2020-January-06 08:34,ta/m_dataset_3_u_L/prep_data_exp7,nn_fbc_5_cusLoss,False,0.17682616750758656,0.2983631789684296,0.8581350540730155,0.16974999052467835,0.2797629237174988,0.8620166811231276,,,226.37962460517883,[<function custom_loss4 at 0x000001BA4F8E78C8>],AMSGrad,10,64,1000,0.001,"(56058, 13, 39)","(56058, 16)",0.05,0.05,,,10.0
125,False,2020-January-06 08:58,ta/m_dataset_3_u_L/prep_data_exp7,nn_fbc_5_cusLoss,False,0.20259523248979985,0.2917112708091736,0.8612822302272918,0.18631958305659901,0.2727262377738953,0.8668147961701794,,,227.06646037101746,[<function custom_loss5 at 0x000001B006EF6950>],AMSGrad,10,64,1000,0.001,"(56058, 13, 39)","(56058, 16)",0.05,0.05,,,10.0
126,False,2020-January-06 09:06,ta/m_dataset_3_u_L/prep_data_exp7,nn_fbc_5_cusLoss,False,0.1743909990450663,0.2953023016452789,0.8601052580095798,0.16602407033347333,0.2774831056594849,0.864435523646239,,,228.75772523880005,[<function custom_loss4 at 0x00000158C6E339D8>],AMSGrad,10,64,1000,0.001,"(56058, 13, 39)","(56058, 16)",0.05,0.05,,,10.0
127,False,2020-January-06 09:10,ta/m_dataset_3_u_L/prep_data_exp7,nn_fbc_5_cusLoss,False,0.19674425136350174,0.2994663119316101,0.8539803615358803,0.18062759913877752,0.2777034640312195,0.8616926943855688,,,226.46578907966614,[<function custom_loss3 at 0x00000158C6E33950>],AMSGrad,10,64,1000,0.001,"(56058, 13, 39)","(56058, 16)",0.05,0.05,,,10.0
128,False,2020-January-06 09:14,ta/m_dataset_3_u_L/prep_data_exp7,nn_fbc_5_cusLoss,False,0.1726026408595735,0.30417805910110474,0.8546980598063562,0.16290342181247008,0.28551506996154785,0.8611757624358398,,,227.14496612548828,[<function custom_loss2 at 0x00000158C6E338C8>],AMSGrad,10,64,1000,0.001,"(56058, 13, 39)","(56058, 16)",0.05,0.05,,,10.0
129,False,2020-January-06 09:19,ta/m_dataset_3_u_L/prep_data_exp7,nn_fbc_5_cusLoss,False,0.16650722970177068,0.2947947382926941,0.8592952567713883,0.15956551994077106,0.2739193141460419,0.8639982588765751,,,226.1029341220856,[<function custom_loss at 0x00000158C6E33840>],AMSGrad,10,64,1000,0.001,"(56058, 13, 39)","(56058, 16)",0.05,0.05,,,10.0
130,False,2020-January-06 09:23,ta/m_dataset_3_u_L/prep_data_exp7,nn_fbc_5_cusLoss,False,0.15220643780332613,0.30958500504493713,0.8477935624520586,0.1429522026780784,0.28626352548599243,0.8586797644800408,,,224.67617106437683,mse,AMSGrad,10,64,1000,0.001,"(56058, 13, 39)","(56058, 16)",0.05,0.05,,,10.0
131,False,2020-January-06 09:28,ta/m_dataset_3_u_L/prep_data_exp7,nn_fbc_5,False,0.2976184243556881,0.2976182699203491,0.8322060329262809,0.2682050651036416,0.2682050168514252,0.8567752872177398,,,226.08503699302673,[<function rmse at 0x00000158C6E33620>],AMSGrad,10,64,1000,0.001,"(56058, 13, 39)","(56058, 16)",0.05,0.05,,,10.0
132,False,2020-January-06 09:46,ta/m_dataset_3_u_L/prep_data_exp7,nn_fbc_5_cusLoss,False,0.3058802052482246,0.2540443539619446,0.8757430597632159,0.2911315196969399,0.2451178282499313,0.8710888854796655,,,446.1744816303253,[<function custom_loss6 at 0x0000021030CF79D8>],AMSGrad,20,64,1000,0.001,"(56058, 13, 39)","(56058, 16)",0.05,0.05,,,20.0
133,False,2020-January-06 09:54,ta/m_dataset_3_u_L/prep_data_exp7,nn_fbc_5_cusLoss,False,0.17306432626624993,0.26786670088768005,0.8796211659504894,0.17409405235343978,0.256760835647583,0.8736732865074199,,,444.9784846305847,[<function custom_loss5 at 0x0000021030CF7950>],AMSGrad,20,64,1000,0.001,"(56058, 13, 39)","(56058, 16)",0.05,0.05,,,20.0
134,False,2020-January-06 10:07,ta/m_dataset_3_u_L/prep_data_exp7,nn_fbc_5_cusLoss,False,0.1611208701695984,0.2856452465057373,0.8694004909793924,0.1673648369113018,0.2767022550106049,0.8633906510053639,,,444.35698795318604,[<function custom_loss4 at 0x000001E3C6977950>],AMSGrad,20,64,1000,0.001,"(56058, 13, 39)","(56058, 16)",0.05,0.05,,,20.0
135,False,2020-January-06 10:15,ta/m_dataset_3_u_L/prep_data_exp7,nn_fbc_5_cusLoss,False,0.1551228447663524,0.2643143832683563,0.8826562426529236,0.1614219496852646,0.2561737298965454,0.8745078836706032,,,444.0001320838928,[<function custom_loss3 at 0x000001E3C69778C8>],AMSGrad,20,64,1000,0.001,"(56058, 13, 39)","(56058, 16)",0.05,0.05,,,20.0
136,False,2020-January-06 10:23,ta/m_dataset_3_u_L/prep_data_exp7,nn_fbc_5_cusLoss,False,0.13934296477580582,0.27199897170066833,0.8804979838565838,0.1517684838940612,0.26574280858039856,0.8699591705484695,,,444.4159898757935,[<function custom_loss2 at 0x000001E3C6977840>],AMSGrad,20,64,1000,0.001,"(56058, 13, 39)","(56058, 16)",0.05,0.05,,,20.0
137,False,2020-January-06 10:31,ta/m_dataset_3_u_L/prep_data_exp7,nn_fbc_5_cusLoss,False,0.14511147447305475,0.2747196555137634,0.8761405218753309,0.1535819440816356,0.2663745284080505,0.8685297856555411,,,443.57579922676086,[<function custom_loss at 0x000001E3C69777B8>],AMSGrad,20,64,1000,0.001,"(56058, 13, 39)","(56058, 16)",0.05,0.05,,,20.0
138,False,2020-January-06 10:39,ta/m_dataset_3_u_L/prep_data_exp7,nn_fbc_5,False,0.12424491839344826,0.2757827043533325,0.8757550815833961,0.13208222893838684,0.2647761106491089,0.8694287534866841,,,443.0894830226898,mse,AMSGrad,20,64,1000,0.001,"(56058, 13, 39)","(56058, 16)",0.05,0.05,,,20.0
139,False,2020-January-06 10:47,ta/m_dataset_3_u_L/prep_data_exp7,nn_fbc_5,False,0.2646666254291754,0.2646665871143341,0.8575612959079345,0.2464136477534164,0.2464135587215424,0.8690542753624394,,,442.26211190223694,[<function rmse at 0x000001E3C6977598>],AMSGrad,20,64,1000,0.001,"(56058, 13, 39)","(56058, 16)",0.05,0.05,,,20.0
140,False,2020-January-06 11:21,ta/m_dataset_3_u_L/prep_data_exp7,nn_fbc_5_cusLoss,False,0.2999933945655891,0.2496650367975235,0.8787504812177279,0.28684959276822,0.2420773804187775,0.8733761930339224,,,554.1395864486693,[<function custom_loss6 at 0x0000023679EE49D8>],AMSGrad,25,64,1000,0.001,"(56058, 13, 39)","(56058, 16)",0.05,0.05,,,25.0
141,False,2020-January-06 11:39,ta/m_dataset_3_u_L/prep_data_exp7,nn_fbc_5_cusLoss,False,0.16566763036443474,0.2601955235004425,0.8839222094933176,0.17872044383131533,0.2544717192649841,0.8703441957031527,,,555.3778076171875,[<function custom_loss5 at 0x000001DD79366950>],AMSGrad,25,64,1000,0.001,"(56058, 13, 39)","(56058, 16)",0.05,0.05,,,25.0
142,False,2020-January-06 11:53,ta/m_dataset_3_u_L/prep_data_exp7,nn_fbc_5_cusLoss,False,0.15146766402886086,0.27365550398826605,0.8781062287305055,0.15585661107342738,0.2633791565895081,0.8720026072168523,,,550.0227301120758,[<function custom_loss4 at 0x0000024F726248C8>],AMSGrad,25,64,1000,0.001,"(56058, 13, 39)","(56058, 16)",0.05,0.05,,,25.0
143,False,2020-January-06 12:03,ta/m_dataset_3_u_L/prep_data_exp7,nn_fbc_5_cusLoss,False,0.1554776837058394,0.2641897201538086,0.8826107963459295,0.16133173514256435,0.2544368505477905,0.87447958157407,,,555.1872913837433,[<function custom_loss3 at 0x0000024F72624840>],AMSGrad,25,64,1000,0.001,"(56058, 13, 39)","(56058, 16)",0.05,0.05,,,25.0
144,False,2020-January-06 12:13,ta/m_dataset_3_u_L/prep_data_exp7,nn_fbc_5_cusLoss,False,0.1361249705245005,0.2693080604076385,0.8831416090846228,0.15112861993859064,0.26454976201057434,0.8704026553956855,,,554.0884795188904,[<function custom_loss2 at 0x0000024F726247B8>],AMSGrad,25,64,1000,0.001,"(56058, 13, 39)","(56058, 16)",0.05,0.05,,,25.0
145,False,2020-January-06 12:23,ta/m_dataset_3_u_L/prep_data_exp7,nn_fbc_5_cusLoss,False,0.13416156169881555,0.2687830030918121,0.8843100766887302,0.14928072608326035,0.2636450529098511,0.8720308869668001,,,554.3628616333008,[<function custom_loss at 0x0000024F72624730>],AMSGrad,25,64,1000,0.001,"(56058, 13, 39)","(56058, 16)",0.05,0.05,,,25.0
146,False,2020-January-06 12:33,ta/m_dataset_3_u_L/prep_data_exp7,nn_fbc_5,False,0.11578285501883565,0.2664957046508789,0.8842171449153963,0.1271882859010143,0.2587776780128479,0.8742605816480433,,,554.5331060886383,mse,AMSGrad,25,64,1000,0.001,"(56058, 13, 39)","(56058, 16)",0.05,0.05,,,25.0
147,False,2020-January-06 12:43,ta/m_dataset_3_u_L/prep_data_exp7,nn_fbc_5,False,0.26827450805647085,0.2682745158672333,0.8553340947506056,0.25278866206064105,0.2527886629104614,0.8604112711207628,,,555.3371832370758,[<function rmse at 0x0000024F72624510>],AMSGrad,25,64,1000,0.001,"(56058, 13, 39)","(56058, 16)",0.05,0.05,,,25.0
148,False,2020-January-06 12:45,ta/m_dataset_3_u_L/prep_data_exp7,nn_fc,False,0.2337842101480487,0.4323605895042419,0.7662157902116263,0.21044820447469767,0.4081733524799347,0.7919618091599796,,,130.3531155586243,mse,AMSGrad,25,64,1000,0.001,"(56058, 13, 39)","(56058, 16)",0.05,0.05,,,25.0
149,False,2020-January-06 12:47,ta/m_dataset_3_u_L/prep_data_exp7,nn_fc,False,0.466452769036936,0.4664529263973236,0.7244976484424184,0.438521147225576,0.4385210275650024,0.7588887331933107,,,130.39526772499084,[<function rmse at 0x0000024F72624510>],AMSGrad,25,64,1000,0.001,"(56058, 13, 39)","(56058, 16)",0.05,0.05,,,25.0
150,False,2020-January-06 12:50,ta/m_dataset_3_u_L/prep_data_exp7,nn_fc,False,1.0429154672625742,0.7378575801849365,0.4170007863837728,1.002312149481084,0.7296332716941833,0.43711899570766133,,,132.53537487983704,[<function custom_loss4 at 0x0000024F726248C8>],AMSGrad,25,64,1000,0.001,"(56058, 13, 39)","(56058, 16)",0.05,0.05,,,25.0
