Experiment_no,Disyllable,Date,Dataset,Model,Train Loss,Train RMSE,Train R2,Validate Loss,Validate RMSE,Validate R2,Test Loss,Test RMSE,Test R2,Eval RMSE,Eval R2,Training_time,EarlyStop At,EarlyStopPatience,Learning rate,Batch size,Epochs,Loss function,Optimizer,Eval label mode,Train feature shape,Label shape,Load_save,Load_checkpoint
0,True,2020-April-07 10:41,ta/m_dataset_p2/prep_data_13,baseline,0.129105264,0.35313377799999995,0.4903074770000001,0.122858052,0.343760289,0.513352215,0.12277217900000001,0.343612844,0.515916977,0.385709167,0.592319568,57.78909707,26,10,0.001,64,200,mse,Adam,,"(53069, 23, 39)","(53069, 17)",,
1,True,2020-April-07 10:45,ta/m_dataset_p2/prep_data_13,FCNN,0.05020253400000002,0.221734827,0.80268255,0.047025434000000005,0.21472017399999999,0.8143146240000001,0.046592413,0.213655765,0.8178317270000001,0.29928657399999997,0.726842325,214.43614440000002,45,10,0.001,64,200,mse,Adam,,"(53069, 23, 39)","(53069, 17)",,
3,True,2020-April-07 11:10,ta/m_dataset_p2/prep_data_13,LTRCNN,0.021486382000000002,0.122860602,0.938124683,0.026155231,0.139483046,0.9185631390000001,0.025571865,0.137433824,0.9213349409999999,0.241072237,0.790600327,1187.697161,57,10,0.001,64,200,mse,Adam,,"(53069, 23, 39)","(53069, 17)",,
4,True,2020-April-07 11:18,ta/m_dataset_p2/prep_data_13,senet,0.009001152,0.093776216,0.963517617,0.018258482,0.13235173,0.92600842,0.018455257,0.133151978,0.925442491,0.20511971399999998,0.851234345,477.54170419999997,39,10,0.001,64,200,mse,Adam,,"(53069, 23, 39)","(53069, 17)",,
5,True,2020-April-07 11:24,ta/m_dataset_p2/prep_data_13,senet_em,0.011661999,0.106531874,0.953168699,0.018479865,0.133259764,0.92522051,0.018181851000000002,0.13220593,0.9267469740000001,0.19445233,0.8507961940000001,298.77736469999996,24,10,0.001,64,200,mse,Adam,,"(53069, 23, 39)","(53069, 17)",,
6,True,2020-April-07 11:26,ta/d_dataset_3/prep_data_13,baseline,0.130109022,0.35562184399999996,0.483467893,0.12182376,0.34325782200000005,0.5144594889999999,0.121881981,0.343363911,0.512149732,0.203745008,0.849660264,110.5433078,24,10,0.001,64,200,mse,Adam,,"(99978, 23, 39)","(99978, 17)",,
7,True,2020-April-07 11:30,ta/d_dataset_3/prep_data_13,FCNN,0.057994767,0.237965202,0.769859847,0.053484727999999995,0.228473313,0.7876764620000001,0.053515546,0.2286169210000001,0.786811293,0.4043403270000001,0.53813061,239.3417227,27,10,0.001,64,200,mse,Adam,,"(99978, 23, 39)","(99978, 17)",,
8,True,2020-April-07 11:51,ta/d_dataset_3/prep_data_13,bilstm,0.015723857,0.123990934,0.937365468,0.021579359,0.14442239099999998,0.91257417,0.020649223,0.141300241,0.916595536,0.256768614,0.8096137959999999,1155.9470800000001,36,10,0.001,64,200,mse,Adam,,"(99978, 23, 39)","(99978, 17)",,
9,True,2020-April-07 12:13,ta/d_dataset_3/prep_data_13,LTRCNN,0.027151911,0.140820008,0.918472915,0.028268802000000006,0.144080832,0.913447193,0.028557008,0.14509402400000002,0.9121180879999999,0.144901022,0.927014146,1223.2210619999996,31,10,0.001,64,200,mse,Adam,,"(99978, 23, 39)","(99978, 17)",,
10,True,2020-April-07 12:31,ta/d_dataset_3/prep_data_13,senet,0.010123316,0.099501089,0.959254174,0.020193118,0.139202414,0.91817745,0.020124041000000002,0.13888882800000002,0.91854254,0.11966127900000001,0.9594475029999999,1038.805973,45,10,0.001,64,200,mse,Adam,,"(99978, 23, 39)","(99978, 17)",,
11,True,2020-April-07 12:47,ta/d_dataset_3/prep_data_13,senet_em,0.010887658,0.10307371900000001,0.955845962,0.020885213,0.141561453,0.914991007,0.020590136999999998,0.140463053,0.916111138,0.138662547,0.934643517,919.4205030999999,39,10,0.001,64,200,mse,Adam,,"(99978, 23, 39)","(99978, 17)",,
12,True,2020-April-07 12:54,ta/d_nospeaker_1/prep_data_13,senet,0.008498832,0.091047186,0.965570342,0.015273384,0.120897375,0.938728377,0.015719421,0.12274361,0.936096048,0.128865555,0.952252717,344.6452372,30,10,0.001,64,200,mse,Adam,,"(48162, 24, 39)","(48162, 17)",,
13,True,2020-April-07 12:59,ta/d_nospeaker_1/prep_data_13_noaug,senet,0.0062551559999999996,0.077996204,0.974316979,0.015163252,0.120348685,0.939097513,0.014948854,0.11944034,0.939255325,0.185332209,0.8599688740000001,260.0903401,36,10,0.001,64,200,mse,Adam,,"(27522, 24, 39)","(27522, 17)",,
14,True,2020-April-07 13:09,ta/d_dataset_3/prep_data_13_noaug,senet,0.008181686,0.089161949,0.966893329,0.018034927,0.13140934,0.9269277890000001,0.017939872,0.13105256,0.92753128,0.140579864,0.924029398,582.8238602000001,41,10,0.001,64,200,mse,Adam,,"(57132, 23, 39)","(57132, 17)",,
15,True,2020-April-07 13:18,ta/d_nospeaker_1/prep_data_13,senet_em,0.006631082,0.08060268,0.972812225,0.015474675,0.121630145,0.938092192,0.016204957,0.124521298,0.934113795,0.12214595800000001,0.956538205,467.5328376,38,10,0.001,64,200,mse,Adam,,"(48162, 24, 39)","(48162, 17)",,
16,True,2020-April-07 13:23,ta/d_nospeaker_1/prep_data_13_noaug,senet_em,0.006168764,0.077472469,0.974540286,0.015121711000000001,0.119993839,0.939118179,0.015437823,0.121267414,0.937230748,0.12634147699999998,0.953983968,290.0138459,40,10,0.001,64,200,mse,Adam,,"(27522, 24, 39)","(27522, 17)",,
17,True,2020-April-07 13:34,ta/d_dataset_3/prep_data_13_noaug,senet_em,0.008962587,0.09330699099999999,0.9637616940000001,0.018884094,0.134555586,0.923299595,0.018953007,0.134733307,0.9232020790000001,0.1420414,0.928319034,579.3866062000002,40,10,0.001,64,200,mse,Adam,,"(57132, 23, 39)","(57132, 17)",,
2,True,2020-April-07 14:23,ta/m_dataset_p2/prep_data_13,bilstm,0.019945105,0.139574046,0.92037646,0.022198726000000002,0.14681656099999998,0.91004415,0.021268796,0.143764872,0.9146151029999999,0.19201906,0.8568506090000001,239.09912749999998,13,3,0.001,64,200,mse,Adam,,"(53069, 23, 39)","(53069, 17)",,
0,True,2020-April-08 13:30,ta/m_dataset_p2/prep_data_13,baseline,0.126329071,0.350364293,0.495187909,0.12074915300000001,0.342035126,0.513531747,0.12081347699999999,0.34213155100000003,0.5166559310000001,0.385709167,0.592319568,23.17449522,10,3,0.001,64,200,mse,Adam,,"(53069, 23, 39)","(53069, 17)",,
18,True,2020-April-08 15:10,ta/m_dataset_p2/prep_data_13,senet,0.016809027,0.127796864,0.93255137,0.019649353,0.137688692,0.919830519,0.019551086999999998,0.137277013,0.921080418,0.127545774,0.9521959729999999,163.46627880000003,12,3,0.001,64,200,mse,Adam,,"(53069, 23, 39)","(53069, 17)",,
19,True,2020-April-08 15:17,ta/d_dataset_3/prep_data_13,senet,0.016735313999999998,0.127579495,0.932955115,0.020326542,0.139955546,0.917867106,0.021048817999999997,0.14230516599999998,0.914854332,0.142226443,0.926076885,321.1047297,13,3,0.001,64,200,mse,Adam,,"(99978, 23, 39)","(99978, 17)",,
19,True,2020-April-08 15:44,ta/d_dataset_3/prep_data_13,senet,0.015037298000000001,0.12101631300000001,0.940010033,0.020174299,0.139381861,0.9182731140000001,0.020296671999999998,0.139659515,0.918073989,0.142226443,0.926076885,515.5776896000001,22,3,0.001,64,200,mse,Adam,,"(99978, 23, 39)","(99978, 17)",,
19,True,2020-April-08 16:04,ta/d_dataset_3/prep_data_13,senet,0.020565178,0.141378026,0.9179109790000001,0.021628212999999997,0.14452513,0.9127937359999999,0.021488924,0.143999609,0.913421009,0.142226443,0.926076885,361.84930660000003,12,3,0.001,64,200,mse,Adam,,"(99978, 23, 39)","(99978, 17)",,
19,True,2020-April-08 16:33,ta/d_dataset_3/prep_data_13,senet,0.0131675,0.11333206800000001,0.947435618,0.019532145,0.13712090400000002,0.921005486,0.019405226,0.13654972699999998,0.9217075220000001,0.142226443,0.926076885,1137.778474,38,5,0.001,64,200,mse,Adam,,"(99978, 23, 39)","(99978, 17)",,
19,True,2020-April-08 16:55,ta/d_dataset_3/prep_data_13,senet,0.015298445,0.12197431199999999,0.9388431279999999,0.01935851,0.136448347,0.921653327,0.019708727,0.137617056,0.9200622509999999,0.142226443,0.926076885,650.7706146,24,4,0.001,64,200,mse,Adam,,"(99978, 23, 39)","(99978, 17)",,
19,True,2020-April-08 18:57,ta/d_dataset_3/prep_data_13,senet,0.016121383,0.125310494,0.9354881629999999,0.019736159,0.137894596,0.920053226,0.019767217,0.13801265,0.919840305,0.142226443,0.926076885,592.3197153,20,4,0.001,64,200,mse,Adam,,"(99978, 23, 39)","(99978, 17)",,
19,True,2020-April-08 19:40,ta/d_dataset_3/prep_data_13,senet,0.011486493,0.10585141099999999,0.953813728,0.019102971,0.135432829,0.92273983,0.019313191,0.13614968800000002,0.922012281,0.142226443,0.926076885,900.1540141,32,4,0.001,64,200,mse,Adam,,"(99978, 23, 39)","(99978, 17)",,
19,True,2020-April-08 19:59,ta/d_dataset_3/prep_data_13,senet,0.014806253,0.12005206199999999,0.9409212459999999,0.02015548,0.139292684,0.918338249,0.020136528,0.13904396900000002,0.9186665629999999,0.142226443,0.926076885,672.9101985,23,4,0.001,64,200,mse,Adam,,"(99978, 23, 39)","(99978, 17)",,
20,True,2020-April-08 20:43,ta/d_dataset_3/prep_data_13,senet,0.017329755,0.130109862,0.930578563,0.020775354,0.141720249,0.915631194,0.021142595,0.142880085,0.914409963,0.131621107,0.951434766,617.9274986,22,4,0.001,64,200,mse,Adam,,"(99978, 23, 39)","(99978, 17)",,
20,True,2020-April-08 21:06,ta/d_dataset_3/prep_data_13,cnn_bilstm,0.014929936999999999,0.120532421,0.940342644,0.019730947,0.137814265,0.9201033209999999,0.019779093,0.13780568599999998,0.920156685,0.131621107,0.951434766,580.6359474999998,23,4,0.001,64,200,mse,Adam,,"(99978, 23, 39)","(99978, 17)",,
20,True,2020-April-08 21:24,ta/d_dataset_3/prep_data_13,cnn_bilstm,0.017798267,0.13172536199999998,0.928943402,0.020729468,0.141510787,0.9163599020000001,0.020313853,0.140108995,0.918045379,0.131621107,0.951434766,509.33520669999996,19,4,0.001,64,200,mse,Adam,,"(99978, 23, 39)","(99978, 17)",,
20,True,2020-April-08 21:36,ta/d_dataset_3/prep_data_13,cnn_bilstm,0.017706288,0.13143423699999998,0.929181939,0.020685774,0.141357019,0.916159871,0.020961531999999998,0.14225569300000002,0.915051211,0.131621107,0.951434766,439.4889481000001,18,4,0.001,64,200,mse,Adam,,"(99978, 23, 39)","(99978, 17)",,
20,True,2020-April-08 22:05,ta/d_dataset_3/prep_data_13,cnn_bilstm,0.021756091,0.145484878,0.912828868,0.021436458,0.14412777300000001,0.913562935,0.021133015,0.143019696,0.914644646,0.131621107,0.951434766,1021.5237529999999,35,5,0.001,64,200,mse,Adam,,"(99978, 23, 39)","(99978, 17)",,
21,True,2020-April-08 23:08,ta/d_dataset_3/prep_data_13,senet,0.019161255,0.136399672,0.9232024120000001,0.020741161,0.141341841,0.9159587440000001,0.021045807000000003,0.14230458099999999,0.914608395,0.151220635,0.912116588,924.9267962000001,29,5,0.001,64,200,mse,Adam,,"(99978, 23, 39)","(99978, 17)",,
21,True,2020-April-08 23:39,ta/d_dataset_3/prep_data_13,senet,0.02162758,0.145054826,0.913446577,0.021256842999999997,0.143473935,0.914315958,0.021138691,0.142986109,0.914668453,0.151220635,0.912116588,1188.630857,41,5,0.001,64,200,mse,Adam,,"(99978, 23, 39)","(99978, 17)",,
22,True,2020-April-09 00:34,ta/d_dataset_3/prep_data_13,senet,0.023506686000000002,0.151268271,0.90579175,0.022009479,0.14607738,0.9112742429999999,0.022079274,0.146235102,0.9109303470000001,0.144741759,0.9265490390000001,863.9290384999997,25,5,0.001,64,200,mse,Adam,,"(99978, 23, 39)","(99978, 17)",,
23,True,2020-April-09 07:29,ta/d_dataset_3/prep_data_13,senet,0.020795169,0.142300757,0.916707768,0.021053016,0.142797261,0.915045159,0.02120519,0.143235065,0.9142510309999999,0.129972413,0.950827706,1825.8921269999998,53,7,0.001,64,200,mse,Adam,,"(99978, 23, 39)","(99978, 17)",,
24,True,2020-April-09 08:22,ta/d_dataset_3/prep_data_13,senet,0.019986928,0.139529976,0.920168372,0.019681256,0.13820788,0.9206054920000001,0.020352768,0.140332949,0.917907377,0.122746825,0.9570114120000001,1879.390647,54,7,0.001,64,200,mse,Adam,,"(99978, 23, 39)","(99978, 17)",,
0,True,2020-April-09 08:41,ta/m_dataset_p2/prep_data_13,baseline,0.122735635,0.344077323,0.511722321,0.11820233699999999,0.336586796,0.52650267,0.117107907,0.334819027,0.534400377,0.385709167,0.592319568,36.09852576,16,7,0.001,64,200,mse,Adam,,"(53069, 23, 39)","(53069, 17)",,
1,True,2020-April-09 08:43,ta/m_dataset_p2/prep_data_13,FCNN,0.054451362999999996,0.230813947,0.784426176,0.051247895,0.22401191199999998,0.7966798190000001,0.050515085,0.222445363,0.8004574870000001,0.29928657399999997,0.726842325,80.99891543,17,7,0.001,64,200,mse,Adam,,"(53069, 23, 39)","(53069, 17)",,
3,True,2020-April-09 08:58,ta/m_dataset_p2/prep_data_13,LTRCNN,0.027437318999999998,0.142509508,0.9164566040000001,0.02800559,0.144095824,0.913205458,0.027957765,0.144053961,0.913691853,0.241072237,0.790600327,746.1654072000001,36,7,0.001,64,200,mse,Adam,,"(53069, 23, 39)","(53069, 17)",,
4,True,2020-April-09 09:17,ta/m_dataset_p2/prep_data_13,senet,0.018636878,0.134846563,0.925396091,0.019465378000000002,0.137514094,0.920951337,0.019315825,0.13694131199999998,0.92240853,0.20511971399999998,0.851234345,1098.5601789999996,60,7,0.001,64,200,mse,Adam,,"(53069, 23, 39)","(53069, 17)",,
5,True,2020-April-09 09:33,ta/m_dataset_p2/prep_data_13,resnet,0.018705249,0.134963566,0.925365581,0.019871648000000002,0.13883019,0.919727544,0.019275702,0.136749288,0.92287558,0.19445233,0.8507961940000001,907.3817529999999,53,7,0.001,64,200,mse,Adam,,"(53069, 23, 39)","(53069, 17)",,
6,True,2020-April-09 09:59,ta/m_dataset_p2/prep_data_13,senet_em,0.015648889,0.12369043,0.937503027,0.020373011,0.14043857,0.91766858,0.02044106,0.14071661900000001,0.917717045,0.203745008,0.849660264,1471.377068,51,7,0.001,64,200,mse,Adam,,"(53069, 23, 39)","(53069, 17)",,
7,True,2020-April-09 10:00,ta/d_dataset_3/prep_data_13,baseline,0.131582515,0.357541924,0.47945531399999997,0.124154474,0.346267125,0.50609881,0.12423099800000001,0.346205445,0.504767552,0.4043403270000001,0.53813061,41.48339939,10,7,0.001,64,200,mse,Adam,,"(99978, 23, 39)","(99978, 17)",,
8,True,2020-April-09 10:04,ta/d_dataset_3/prep_data_13,FCNN,0.054541039000000006,0.231229109,0.7834737709999999,0.050959196,0.223556029,0.79699667,0.050670527,0.22281099699999998,0.7980157259999999,0.256768614,0.8096137959999999,243.96971749999997,27,7,0.001,64,200,mse,Adam,,"(99978, 23, 39)","(99978, 17)",,
10,True,2020-April-09 10:38,ta/d_dataset_3/prep_data_13,LTRCNN,0.026308768,0.139808339,0.919778256,0.028296098,0.145804507,0.911101814,0.028739906000000006,0.147222376,0.90920816,0.11966127900000001,0.9594475029999999,1574.318693,40,7,0.001,64,200,mse,Adam,,"(99978, 23, 39)","(99978, 17)",,
11,True,2020-April-09 11:12,ta/d_dataset_3/prep_data_13,senet,0.020183911000000002,0.14021705199999998,0.9193204759999999,0.020489737,0.14085856,0.917524,0.02075286,0.141699947,0.916237057,0.138662547,0.934643517,1963.982551,57,7,0.001,64,200,mse,Adam,,"(99978, 23, 39)","(99978, 17)",,
12,True,2020-April-09 11:40,ta/d_dataset_3/prep_data_13,resnet,0.019961347,0.13938856800000002,0.920041562,0.02080961,0.141998654,0.916009028,0.02101237,0.142514478,0.9151171790000001,0.128865555,0.952252717,1620.034882,51,7,0.001,64,200,mse,Adam,,"(99978, 23, 39)","(99978, 17)",,
13,True,2020-April-09 12:19,ta/d_dataset_3/prep_data_13,senet_em,0.017656147,0.131299746,0.929501624,0.023321565,0.150061075,0.9057521709999999,0.023469034,0.150328653,0.905178457,0.185332209,0.8599688740000001,2229.353188,41,7,0.001,64,200,mse,Adam,,"(99978, 23, 39)","(99978, 17)",,
14,True,2020-April-09 12:34,ta/d_nospeaker_1/prep_data_13,senet,0.017926403,0.132199244,0.927653847,0.017934889,0.13179912800000002,0.9276605059999999,0.018089661,0.13241015,0.926595043,0.140579864,0.924029398,877.611366,52,7,0.001,64,200,mse,Adam,,"(48162, 24, 39)","(48162, 17)",,
15,True,2020-April-09 12:39,ta/d_nospeaker_1/prep_data_13_noaug,senet,0.019289912,0.13683072300000002,0.922191875,0.021215465,0.143292577,0.9146155559999999,0.021388422999999997,0.14393313300000002,0.913357103,0.12214595800000001,0.956538205,261.4514585,25,7,0.001,64,200,mse,Adam,,"(27522, 24, 39)","(27522, 17)",,
16,True,2020-April-09 13:00,ta/d_dataset_3/prep_data_13_noaug,senet,0.015610706,0.12315022800000001,0.937406383,0.018915823999999998,0.135342861,0.923525178,0.019148775,0.13606574400000002,0.922343613,0.12634147699999998,0.953983968,1173.903472,57,7,0.001,64,200,mse,Adam,,"(57132, 23, 39)","(57132, 17)",,
17,True,2020-April-09 13:18,ta/d_nospeaker_1/prep_data_13,senet_em,0.016637253,0.12729742,0.9333009729999999,0.019314403,0.136782469,0.922433033,0.018371285,0.13341610199999998,0.925740055,0.1420414,0.928319034,983.5441375,35,7,0.001,64,200,mse,Adam,,"(48162, 24, 39)","(48162, 17)",,
18,True,2020-April-09 13:34,ta/d_nospeaker_1/prep_data_13_noaug,senet_em,0.011633525,0.106206173,0.9533491759999999,0.016240383,0.12538175599999998,0.9344924809999999,0.015974297,0.124152153,0.935075862,0.127545774,0.9521959729999999,934.0386684,56,7,0.001,64,200,mse,Adam,,"(27522, 24, 39)","(27522, 17)",,
19,True,2020-April-09 14:05,ta/d_dataset_3/prep_data_13_noaug,senet_em,0.013805138,0.116009073,0.9447860920000001,0.021416967000000002,0.143614112,0.91337437,0.021115045,0.142668038,0.9145368509999999,0.142226443,0.926076885,1772.2303530000006,54,7,0.001,64,200,mse,Adam,,"(57132, 23, 39)","(57132, 17)",,
20,True,2020-April-10 09:06,ta/d_dataset_3/prep_data_13,senet,0.021312479,0.144035728,0.91484641,0.021399314,0.143917737,0.913953881,0.021456489,0.144051464,0.9137289690000001,0.131621107,0.951434766,1366.434077,40,7,0.001,64,200,mse,Adam,,"(99978, 23, 39)","(99978, 17)",,
20,True,2020-April-10 09:52,ta/d_dataset_3/prep_data_13,senet,0.02016696,0.140128528,0.919262747,0.021514636,0.144276694,0.9133489920000001,0.021248247,0.143398213,0.9141559709999999,0.131621107,0.951434766,2068.971784,57,7,0.001,64,200,mse,Adam,,"(99978, 23, 39)","(99978, 17)",,
21,True,2020-April-10 10:24,ta/d_dataset_3/prep_data_13,resnet,0.021906005,0.145983907,0.9122444009999999,0.021058228999999998,0.142856299,0.915269824,0.021320699999999998,0.143657011,0.913927753,0.151220635,0.912116588,1026.971293,32,7,0.001,64,200,mse,Adam,,"(99978, 23, 39)","(99978, 17)",,
23,True,2020-April-10 16:18,ta/d_dataset_3/prep_data_13,senet,0.019840106,0.139010131,0.9208179879999999,0.020673508,0.14157899,0.9170472609999999,0.020940514,0.14234692599999998,0.915620614,0.129972413,0.950827706,1772.847152,49,7,0.001,64,200,mse,Adam,,"(99978, 23, 39)","(99978, 17)",,
25,True,2020-April-10 17:48,ta/d_dataset_3/prep_data_13,senet,0.016909691,0.12828710699999998,0.9324545870000001,0.019121615,0.13586411699999998,0.9225348259999999,0.019128791000000003,0.135781302,0.92273083,0.123327836,0.951801673,3053.206566,59,7,0.001,64,200,mse,Adam,,"(99978, 23, 39)","(99978, 17)",,
26,True,2020-April-10 18:34,ta/d_dataset_3/prep_data_13,senet,0.019607312,0.13816446699999999,0.92160976,0.020590696999999998,0.141166937,0.9168217040000001,0.02064134,0.141167618,0.916788332,0.150974363,0.9120370520000001,1904.204042,52,7,0.001,64,200,mse,Adam,,"(99978, 23, 39)","(99978, 17)",,
24,True,2020-April-10 19:12,ta/d_dataset_3/prep_data_13,resnet,0.020482607,0.141246238,0.917856703,0.02042611,0.140668425,0.917592682,0.020765438,0.141740506,0.916128315,0.122746825,0.9570114120000001,1458.499399,42,7,0.001,64,200,mse,Adam,,"(99978, 23, 39)","(99978, 17)",,
27,True,2020-April-11 10:44,ta/d_dataset_3/prep_data_13,cnn_bilstm,0.019812375,0.13878343699999998,0.9206334490000001,0.020445067,0.140511516,0.917443074,0.020462022,0.140583302,0.9171714759999999,0.148840532,0.916541298,1032.577657,41,7,0.001,64,200,mse,Adam,,"(99978, 23, 39)","(99978, 17)",,
28,True,2020-April-11 11:10,ta/d_dataset_3/prep_data_13,bilstm,0.016647969,0.127455199,0.933851524,0.022239604,0.146543027,0.91029646,0.021588062,0.144392729,0.9125735759999999,0.11490018699999999,0.9614727340000001,833.2682197,25,7,0.001,64,200,mse,Adam,,"(99978, 23, 39)","(99978, 17)",,
29,True,2020-April-11 11:33,ta/d_dataset_3/prep_data_13,bilstm,0.017015693000000002,0.128903453,0.9320736279999999,0.021451928999999998,0.144071111,0.9129480990000001,0.022192005,0.146300505,0.9097778,0.132305324,0.94652617,603.5747256,22,7,0.001,64,200,mse,Adam,,"(99978, 23, 39)","(99978, 17)",,
30,True,2020-April-11 12:12,ta/d_dataset_3/prep_data_13,lstm,0.020120015,0.14039811800000002,0.919588217,0.023416281,0.150929352,0.905563595,0.023350513,0.150513393,0.9055811909999999,0.16155017900000002,0.9013331990000001,563.9844196,29,7,0.001,64,200,mse,Adam,,"(99978, 23, 39)","(99978, 17)",,
32,True,2020-April-11 12:34,ta/d_dataset_3/prep_data_13,lstm,0.01831707,0.133749694,0.927030206,0.022608482000000003,0.147919405,0.908895383,0.023007104,0.149150265,0.907214663,0.143601328,0.925895419,629.0090082,20,7,0.001,64,200,mse,Adam,,"(99978, 23, 39)","(99978, 17)",,
33,True,2020-April-11 12:53,ta/m_dataset_p2/prep_data_13,lstm,0.018543404,0.13479134199999998,0.926103256,0.021421117000000003,0.144494738,0.913349621,0.021560556,0.144967302,0.9137057270000001,0.23523967,0.7930135290000001,313.9052963,30,7,0.001,64,200,mse,Adam,,"(53069, 23, 39)","(53069, 17)",,
34,True,2020-April-11 13:04,ta/m_dataset_p2/prep_data_13,cnn_bilstm,0.018985533,0.136013115,0.924156297,0.02024039,0.140079493,0.917963785,0.01976592,0.138470136,0.920853158,0.194185257,0.858067317,555.0097227000001,42,7,0.001,64,200,mse,Adam,,"(53069, 23, 39)","(53069, 17)",,
32,True,2020-April-11 13:51,ta/d_dataset_3/prep_data_13,lstm,0.015480118999999999,0.123074293,0.938425017,0.021527882999999998,0.144372113,0.9131141690000001,0.021673419,0.144768219,0.912097242,0.143601328,0.925895419,1193.6249779999996,39,7,0.001,64,200,mse,Adam,,"(99978, 23, 39)","(99978, 17)",,
35,True,2020-April-11 14:01,ta/m_dataset_p2/prep_data_13,bisltm,0.013964381000000001,0.116877305,0.944411428,0.019645688,0.137863958,0.920593228,0.019345247,0.136973263,0.922198007,0.205809593,0.846662525,566.9853742,40,7,0.001,64,200,mse,Adam,,"(53069, 23, 39)","(53069, 17)",,
36,True,2020-April-11 14:10,ta/m_dataset_p2/prep_data_13,lstm,0.01592704,0.124818477,0.936659363,0.02020008,0.139996848,0.9185438659999999,0.020428241,0.140739153,0.9183306520000001,0.26376614,0.757656579,479.8987658,29,7,0.001,64,200,mse,Adam,,"(53069, 23, 39)","(53069, 17)",,
3,True,2020-April-11 14:55,ta/m_dataset_p2/prep_data_13,LTRCNN,0.028658091,0.146868794,0.910918793,0.029097011000000002,0.14808064,0.908036726,0.028718722000000002,0.146846807,0.9105728609999999,0.241072237,0.790600327,654.4253149,31,7,0.001,64,200,mse,Adam,,"(53069, 23, 39)","(53069, 17)",,
10,True,2020-April-11 15:15,ta/d_dataset_3/prep_data_13,LTRCNN,0.028392757,0.144073817,0.914277723,0.028740226,0.144773835,0.912243313,0.029287456,0.14643041199999998,0.909779542,0.11966127900000001,0.9594475029999999,1105.724387,28,7,0.001,64,200,mse,Adam,,"(99978, 23, 39)","(99978, 17)",,
37,True,2020-April-11 15:42,ta/m_dataset_p2/prep_data_13,bilstm,0.014064653,0.117168616,0.944039328,0.019562678,0.137502516,0.920933296,0.019848752,0.138537229,0.920198745,0.196753517,0.856372487,842.0052917000003,47,7,0.001,64,200,mse,Adam,,"(53069, 23, 39)","(53069, 17)",,
38,True,2020-April-11 15:50,ta/m_dataset_p2/prep_data_13,lstm,0.018765716,0.13558103400000002,0.924788268,0.021314334,0.14411729199999998,0.9135337659999999,0.02160943,0.14500732300000002,0.912977337,0.20195061,0.850032401,357.5897338,33,7,0.001,64,200,mse,Adam,,"(53069, 23, 39)","(53069, 17)",,
31,True,2020-April-11 16:45,ta/d_dataset_3/prep_data_13,bilstm,0.015218803999999999,0.121999324,0.93946115,0.021693857999999996,0.14471097,0.912113875,0.021110091,0.142838341,0.9146561520000001,0.143355086,0.925769946,917.261332,40,7,0.001,128,200,mse,Adam,,"(99978, 23, 39)","(99978, 17)",,
41,True,2020-April-11 21:34,ta/d_dataset_3/prep_data_13,conv_bilistm,0.027740901000000002,0.145100899,0.9131223540000001,0.028340359,0.14653903199999999,0.909871891,0.028542941000000002,0.147176486,0.9088551570000001,0.15922170900000002,0.894078695,1928.2445690000002,56,15,0.001,64,200,mse,Adam,,"(99978, 23, 39)","(99978, 17)",,
42,True,2020-April-11 22:24,ta/d_dataset_3/prep_data_13,conv_bilistm,0.019168384,0.12902383,0.9315798240000001,0.022958398999999997,0.141877611,0.915373738,0.02351777,0.143651285,0.91303236,0.147732645,0.917317542,2070.83055,61,10,0.001,64,200,mse,Adam,,"(99978, 23, 39)","(99978, 17)",,
43,True,2020-April-11 23:20,ta/d_dataset_3/prep_data_13,conv_bilistm,0.020591151999999998,0.133916504,0.926610037,0.022627939,0.140622965,0.9176449879999999,0.023188037999999998,0.14241794900000002,0.9151987509999999,0.138147712,0.938815332,2289.871557,67,10,0.001,64,200,mse,Adam,,"(99978, 23, 39)","(99978, 17)",,
44,True,2020-April-12 00:17,ta/d_dataset_3/prep_data_13,conv_bilistm,0.019498482,0.132175088,0.928486313,0.022139126000000002,0.140887746,0.9172933440000001,0.022497932,0.142105717,0.915567246,0.14337915199999998,0.92893331,1967.2656769999999,59,10,0.001,64,200,mse,Adam,,"(99978, 23, 39)","(99978, 17)",,
45,True,2020-April-12 01:05,ta/d_dataset_3/prep_data_13,conv_bilistm,0.020528572,0.135548576,0.924589925,0.02208456,0.140590024,0.9176693890000001,0.022350422,0.14135759,0.916741948,0.127601251,0.95380239,1761.2727940000002,52,10,0.001,64,200,mse,Adam,,"(99978, 23, 39)","(99978, 17)",,
46,True,2020-April-12 01:52,ta/d_dataset_3/prep_data_13,conv_bilistm,0.020482181999999998,0.13507078,0.925507926,0.023109507999999997,0.143661164,0.914110588,0.022953,0.143112963,0.9144680270000001,0.151371852,0.912709785,1705.543652,51,10,0.001,64,200,mse,Adam,,"(99978, 23, 39)","(99978, 17)",,
47,True,2020-April-12 02:34,ta/d_dataset_3/prep_data_13,conv_bilistm,0.021848499,0.138936912,0.921016252,0.023427804,0.143850203,0.9136675240000001,0.023194547000000003,0.14312535699999998,0.914371147,0.151427358,0.9052566129999999,1396.682045,41,10,0.001,64,200,mse,Adam,,"(99978, 23, 39)","(99978, 17)",,
48,True,2020-April-12 03:21,ta/d_dataset_3/prep_data_13,conv_bilistm,0.020903754,0.136812413,0.92355101,0.023060887000000002,0.14348738800000002,0.91376966,0.023278889,0.144188318,0.912756206,0.13475441900000001,0.946651204,1705.173205,61,10,0.001,64,200,mse,Adam,,"(99978, 23, 39)","(99978, 17)",,
49,True,2020-April-12 04:02,ta/d_dataset_3/prep_data_13,conv_bilistm,0.019037418,0.130442872,0.930266872,0.021985856,0.140386401,0.917466607,0.02208183,0.14068678199999998,0.917166446,0.146560684,0.921430832,1313.577687,47,10,0.001,64,200,mse,Adam,,"(99978, 23, 39)","(99978, 17)",,
50,True,2020-April-12 04:43,ta/d_dataset_3/prep_data_13,conv_bilistm,0.019665441000000002,0.132539376,0.927825983,0.022220103999999997,0.140907281,0.916926784,0.022032299999999998,0.140340001,0.917486191,0.15489763,0.903186745,1400.073283,50,10,0.001,64,200,mse,Adam,,"(99978, 23, 39)","(99978, 17)",,
51,True,2020-April-12 05:19,ta/d_dataset_3/prep_data_13,conv_bilistm,0.021210956,0.136958899,0.923141078,0.023166175,0.143116915,0.9147435270000001,0.023065101,0.142811695,0.914787217,0.125930935,0.9539936459999999,999.8626052999999,35,10,0.001,64,200,mse,Adam,,"(99978, 23, 39)","(99978, 17)",,
52,True,2020-April-12 06:08,ta/d_dataset_3/prep_data_13,conv_bilistm,0.022901627999999997,0.143359215,0.9155402579999999,0.023625405,0.14532479999999998,0.9116301059999999,0.023719787000000003,0.14564712,0.9110776690000001,0.125137329,0.9523167359999999,951.8888535,28,7,0.001,64,200,mse,Adam,,"(99978, 23, 39)","(99978, 17)",,
53,True,2020-April-12 06:44,ta/d_dataset_3/prep_data_13,conv_bilistm,0.021914265,0.140292327,0.919324736,0.023106155,0.143880217,0.9137456840000001,0.023422444,0.144848645,0.912298449,0.144341335,0.928724188,1046.49449,31,7,0.001,64,200,mse,Adam,,"(99978, 23, 39)","(99978, 17)",,
54,True,2020-April-12 08:08,ta/d_dataset_3/prep_data_13,conv_bilistm,0.026495095,0.147811454,0.910147638,0.02594684,0.145541749,0.911532435,0.025753517000000004,0.144782001,0.9121599029999999,0.130045384,0.951087517,1617.716894,47,10,0.001,64,200,mse,Adam,,"(99978, 23, 39)","(99978, 17)",,
55,True,2020-April-12 09:21,ta/d_dataset_3/prep_data_13,senet,0.020411971,0.141014996,0.9184594359999999,0.021087091000000002,0.14298302,0.9148785559999999,0.020986539,0.142546822,0.9152169929999999,0.13211841900000001,0.9500835040000001,3218.591484,70,10,0.001,64,200,mse,Adam,,"(99978, 23, 39)","(99978, 17)",,
56,True,2020-April-12 11:52,ta/d_dataset_3/prep_data_13,conv_bilistm,0.020487949,0.135166314,0.924935007,0.022766775,0.142452372,0.914799806,0.022874692000000002,0.142813157,0.914301534,0.145623326,0.921198755,1656.7621359999994,49,20,0.001,64,200,mse,Adam,,"(99978, 23, 39)","(99978, 17)",,weights.10-0.1380.h5
71,True,2020-April-12 11:52,ta/d_dataset_3/prep_data_13,conv_bilistm,0.020487949,0.135166314,0.924935007,0.022766775,0.142452372,0.914799806,0.022874692000000002,0.142813157,0.914301534,0.20280377566814425,0.8426319300267516,1656.7621359999994,49,20,0.001,64,200,mse,Adam,,"(99978, 23, 39)","(99978, 17)",,weights.10-0.1380.h5
72,True,2020-April-12 15:55,ta/m_dataset_p2/prep_data_13,conv_bilistm,0.02382883874583964,0.1463177773835543,0.9122183004249794,0.023823277667396368,0.14605228899931907,0.910959409107146,0.023451155781714958,0.144739641620242,0.913431283424032,0.1861930638551712,0.8733578357613274,468.11871361732483,24,7,0.001,64,200,mse,Adam,,"(53069, 23, 39)","(53069, 17)",,
57,True,2020-April-12 17:07,ta/d_dataset_3/prep_data_13,baseline,0.08402534412020513,0.2858911415951382,0.6638453839883169,0.0783399988023022,0.2759321044535539,0.6844443462194284,0.07724044804522617,0.2739797942497871,0.6875468257228747,0.25657954812049866,0.7994350286798954,207.62540698051453,8,7,0.001,64,200,mse,Adam,,"(99978, 23, 39)","(99978, 17)",,
60,True,2020-April-12 17:44,ta/d_dataset_3/prep_data_13,LTRCNN,0.02740924288904286,0.1425064731255633,0.9164532057512356,0.02965163659853255,0.14940528673395378,0.9066098240582388,0.02997671065219398,0.15035484150722445,0.9050746209406532,0.15198485553264618,0.9081200569771992,2123.2047560215,37,7,0.001,64,200,mse,Adam,,"(99978, 23, 39)","(99978, 17)",,
61,True,2020-April-12 18:30,ta/d_dataset_3/prep_data_13,conv_bilistm,0.019195677189003973,0.1323780920336404,0.9284128373121012,0.02368009505122267,0.14707780090302372,0.9093476742457612,0.02308840519147476,0.1451606093878378,0.9117348811674594,0.15784339606761932,0.8975893347213166,2621.487077713013,48,7,0.001,64,200,mse,Adam,,"(99978, 23, 39)","(99978, 17)",,
62,True,2020-April-12 18:48,ta/d_dataset_3/prep_data_13,conv_bilistm,0.02213304646940072,0.14119002622233146,0.9181525531807329,0.023211706674340426,0.14435924419592547,0.9129912011521468,0.0232891759819512,0.14456655337733,0.9128435768107146,0.1337870955467224,0.9480430055664836,989.0423412322998,29,7,0.001,64,200,mse,Adam,,"(99978, 23, 39)","(99978, 17)",,
58,True,2020-April-12 19:00,ta/d_dataset_3/prep_data_13,FCNN,0.04503479211080949,0.21047005858036247,0.8220572258384808,0.0438450201712999,0.2076348600660617,0.8264859211435107,0.04355916816767398,0.20694793320465327,0.8270562500295602,0.2372843623161316,0.8266322958062753,552.5745275020598,19,7,0.001,64,200,mse,Adam,,"(99978, 23, 39)","(99978, 17)",,
59,True,2020-April-12 19:26,ta/d_dataset_3/prep_data_13,bilstm,0.016839565737384047,0.12824581802919535,0.9329564756811212,0.02246815358020538,0.1473586149487031,0.9091098819308636,0.022366653191188333,0.14699832141536798,0.9096304544487468,0.15058650076389313,0.9136387250085001,1443.6580967903135,27,7,0.001,64,200,mse,Adam,,"(99978, 23, 39)","(99978, 17)",,
63,True,2020-April-12 19:52,ta/d_dataset_3/prep_data_13,lstm,0.019210889370149423,0.13708863235425398,0.923476311250553,0.023727722627855292,0.15170675617422955,0.9041395176864516,0.023637871437652343,0.15129119526998405,0.9045388012750256,0.1722239851951599,0.8867750279783827,1509.2786796092987,37,7,0.001,64,200,mse,Adam,,"(99978, 23, 39)","(99978, 17)",,
73,True,2020-April-12 20:16,ta/m_dataset_p2/prep_data_13,baseline,0.0826763007723514,0.28242164705797324,0.6736629434155381,0.0781870520739468,0.2745578666085832,0.6901657388469692,0.07808173949176632,0.27449892692036776,0.693008695155786,,,277.96189522743225,21,7,0.001,64,200,mse,Adam,,"(53069, 23, 39)","(53069, 17)",,
74,True,2020-April-12 20:20,ta/m_dataset_p2/prep_data_13,FCNN,0.048150557694472754,0.21727461504261888,0.8103836201643383,0.04429582741147629,0.20862523553572918,0.825085676906217,0.04446582528695884,0.20901141701840012,0.8254572902006514,,,250.27800130844116,16,7,0.001,64,200,mse,Adam,,"(53069, 23, 39)","(53069, 17)",,
